repo_id,language,bytes
1375382253,Python,4856101
1375382253,Java,1401284
1375382253,TypeScript,522024
1375382253,C#,483389
1375382253,Jupyter Notebook,83894
1375382253,JavaScript,58462
1375382253,Nix,22442
1375382253,Shell,12274
1375382253,HTML,6513
1375382253,Dockerfile,3801
1398080271,Rust,15158490
1398080271,WGSL,49522
1398080271,Shell,45009
1398080271,PowerShell,14395
1398080271,Python,10288
1398080271,Dockerfile,3342
1398080271,HTML,1771
1373655162,Python,68448
1373655162,HTML,21865
1373655162,JavaScript,15717
1373655162,CSS,12312
1385946301,C++,11804530
1385946301,Python,3313369
1385946301,Cuda,1770028
1385946301,CMake,131971
1385946301,JavaScript,71374
1385946301,Shell,52817
1385946301,CSS,28487
1385946301,HTML,24788
1385946301,Batchfile,12960
1385946301,Jinja,9993
1385946301,Dockerfile,6835
1385946301,C,4122
1385946301,PowerShell,1599
1373614120,Swift,2741339
1373614120,C,140826
1373614120,Shell,6596
1373614120,Objective-C,306
1407950271,Lean,1575788914
1407950271,TeX,140400631
1407950271,Python,962194
1407950271,C++,114709
1407950271,Mermaid,1272
1375997079,HTML,2471176
1375997079,Python,29158
1375069862,Python,2128064
1375069862,TypeScript,88479
1375069862,CSS,5725
1375069862,Shell,4130
1375069862,JavaScript,1675
1375069862,HTML,303
1385817306,Kotlin,4579918
1385817306,Java,1709126
1385817306,C,204984
1385817306,HTML,71798
1385817306,Python,5585
1385817306,Makefile,789
1378288598,TypeScript,34615920
1378288598,JavaScript,584202
1378288598,CSS,103551
1378288598,C#,64121
1378288598,NSIS,21608
1378288598,HTML,20763
1378288598,Shell,12108
1378288598,CMake,6215
1378288598,Swift,2976
1378288598,Dockerfile,773
1374005005,TypeScript,64120
1379574728,Kotlin,1061898
1379574728,Python,45850
1383809012,Go,16107514
1383809012,JavaScript,8147632
1383809012,HTML,734861
1383809012,CSS,445643
1383809012,Shell,12125
1383809012,Objective-C,9227
1383809012,Makefile,6782
1383809012,Dockerfile,2277
1383809012,C,2085
1383809012,QML,824
1398185212,Rust,7323490
1398185212,WGSL,49837
1398185212,Shell,35796
1398185212,PowerShell,14849
1398185212,Nix,11846
1398185212,Python,9612
1398185212,HTML,1853
1398185212,JavaScript,649
1393965829,TypeScript,3145897
1393965829,CSS,21548
1393965829,PLpgSQL,3024
1393965829,Dockerfile,1187
1377211520,Python,355370
1373687654,Swift,210308
1373687654,Python,107217
1373687654,Objective-C,72725
1373687654,HTML,35280
1373687654,JavaScript,9922
1373687654,Shell,7220
1373687654,Makefile,1078
1373687654,C,386
1398091865,Rust,13259158
1398091865,Python,43587
1398091865,WGSL,35542
1398091865,Shell,30182
1398091865,PowerShell,11740
1398091865,JavaScript,10781
1398091865,HTML,5069
1397016507,Python,248330
1397016507,PowerShell,21938
1397016507,Shell,1584
1398086162,Rust,5752142
1398086162,HTML,66351
1398086162,Shell,28712
1398086162,PowerShell,21391
1385896447,JavaScript,4645298
1385896447,TypeScript,72608
1385896447,CSS,38818
1385896447,HTML,13435
1363417187,Python,2156142
1363417187,TypeScript,1682803
1363417187,CSS,386104
1363417187,HTML,1556
1363417187,Dockerfile,1555
1363417187,PowerShell,429
1363417187,Shell,415
1372482979,Python,243965
1372482979,JavaScript,23466
1372482979,HTML,11505
1396117711,TypeScript,664646
1396117711,CSS,97999
1396117711,JavaScript,3525
1396117711,Dockerfile,1345
1396117711,HTML,592
1398097510,Rust,14906624
1398097510,Shell,29619
1398097510,PowerShell,17725
1398097510,Python,5232
1398097510,HTML,869
1371757322,TypeScript,1380481
1371757322,Python,4799
1371757322,JavaScript,3089
1371757322,Dockerfile,834
1391438314,Swift,1773994
1391438314,Rust,792097
1391438314,TypeScript,670338
1391438314,JavaScript,228140
1391438314,CSS,54800
1391438314,Shell,24285
1391438314,Python,5015
1391438314,HTML,2841
1391438314,NSIS,828
1394989252,Swift,185453
1394989252,Objective-C,5445
1394989252,Shell,4463
1394989252,Python,2736
1385776214,Kotlin,2495060
1385776214,C,2327055
1385776214,C++,1115551
1385776214,Python,871059
1385776214,Java,210787
1385776214,HTML,174839
1385776214,Shell,159899
1385776214,NASL,40562
1385776214,CMake,11663
1385776214,GLSL,6217
1385776214,Meson,5596
1385776214,Assembly,1561
1385776214,JavaScript,1035
1385776214,Dockerfile,275
1395994653,TypeScript,7070995
1395994653,Vue,74066
1395994653,Svelte,59173
1395994653,JavaScript,10980
1400136506,Rust,13587937
1400136506,WGSL,489064
1400136506,JavaScript,254124
1400136506,Shell,29769
1400136506,PowerShell,11470
1400136506,HTML,5411
1377172300,Python,1146910
1377172300,JavaScript,69070
1377172300,Java,15124
1394045721,Python,33040
1371378654,Python,603016
1371378654,C++,34647
1384094559,Python,132716
1384094559,JavaScript,36097
1384094559,CSS,22072
1384094559,HTML,11240
1384094559,Shell,1819
1379137016,TypeScript,30724717
1379137016,JavaScript,2797465
1379137016,MDX,378428
1379137016,CSS,263285
1379137016,Swift,244921
1379137016,Shell,160929
1379137016,PowerShell,39225
1379137016,Go Template,9500
1379137016,Python,9364
1379137016,HTML,9027
1379137016,Dockerfile,3665
1379137016,NSIS,283
1373659194,TypeScript,131629
1373659194,CSS,17935
1373659194,Dockerfile,194
1372164083,Kotlin,2109141
1372164083,Python,10085
1406706284,JavaScript,2234943
1406706284,Python,180743
1406706284,HTML,3148
1396688303,Python,1680174
1396688303,JavaScript,112953
1396688303,CSS,79856
1396688303,HTML,11376
1386391454,TypeScript,1150475
1386391454,Python,65116
1386391454,JavaScript,2160
1386391454,HTML,1907
1374702542,Python,1997266
1374702542,JavaScript,351062
1374702542,HTML,42894
1374702542,CSS,6170
1386355153,Rust,883154
1386355153,Python,5773
1386355153,Makefile,3908
1386355153,Shell,2145
1388482474,TypeScript,480778
1388482474,JavaScript,175215
1388482474,Python,141011
1388482474,Shell,3679
1388482474,Dockerfile,3376
1378216647,Swift,2576432
1378216647,Python,143505
1378216647,Shell,30432
1378216647,C++,11236
1401476500,JavaScript,1619962
1401476500,CSS,102884
1401476500,HTML,38207
1388867993,HTML,512828
1388867993,Python,150612
1366969284,Go,1660916
1366969284,JavaScript,148146
1366969284,HTML,72887
1366969284,Python,48651
1366969284,Shell,7649
1366969284,Dockerfile,1732
1374561793,Python,82909
1374561793,Shell,16516
1391948723,Python,5642061
1391948723,Rust,810661
1391948723,JavaScript,47989
1391948723,Shell,13919
1391948723,Dockerfile,8253
1391948723,C,622
1380635125,Go,1839009
1380635125,Python,79246
1380635125,Dockerfile,1268
1380635125,Makefile,930
1380635125,Go Template,900
1380635125,Shell,169
1375631360,Python,946467
1375631360,HTML,4741
1399236672,C++,4559900
1399236672,C,766587
1399236672,Python,299988
1399236672,Shell,61081
1399236672,CMake,14720
1399236672,Nix,9296
1399236672,Perl,4885
1399236672,GLSL,3992
1378971656,Python,292505
1378971656,Jupyter Notebook,85171
1388594776,Python,117714
1388594776,JavaScript,52870
1388594776,HTML,52676
1394134758,HTML,185528
1382467199,JavaScript,579359
1382467199,HTML,94228
1378081384,Python,367333
1378081384,Shell,38611
1378081384,Inno Setup,1503
1400018213,Rust,4738924
1400018213,Max,129481
1400018213,Shell,30109
1400018213,PowerShell,11797
1400018213,HTML,869
1409787646,Go,3324371
1409787646,TypeScript,2087641
1409787646,PLpgSQL,79119
1409787646,Shell,30436
1409787646,JavaScript,29919
1409787646,Python,23968
1409787646,CSS,19546
1409787646,Dockerfile,2584
1409787646,Batchfile,1653
1393689296,JavaScript,495093
1393689296,TypeScript,298386
1393689296,Python,139415
1393689296,CSS,52762
1393689296,Shell,11260
1393689296,HTML,6592
1393689296,Batchfile,1369
1402193143,C,9196789
1402193143,Python,637204
1402193143,C++,431125
1402193143,Shell,28823
1402193143,CMake,28267
1402193143,HTML,10337
1374998940,JavaScript,489835
1374998940,Python,919
1374998940,HTML,550
1369262910,Python,38620
1369262910,Shell,3569
1397771878,Python,498235
1376970259,Swift,331763
1376970259,Rust,143567
1376970259,C,22611
1376970259,Objective-C,7771
1376970259,Shell,2807
1382717255,HTML,16788152
1382717255,JavaScript,11365821
1382717255,Python,410383
1382717255,CSS,33087
1376713674,Markdown,147263
1367251447,TypeScript,1275419
1367251447,Kotlin,1216999
1367251447,Swift,748994
1367251447,Python,164644
1367251447,PLpgSQL,65603
1367251447,Dockerfile,451
1404266247,TypeScript,214440
1404266247,JavaScript,15583
1404266247,CSS,7894
1404266247,Shell,2439
1404266247,HTML,162
1408465463,Rust,10860946
1408465463,C++,1065259
1408465463,C,925554
1408465463,Objective-C,806991
1408465463,Swift,183890
1408465463,Python,108371
1408465463,Shell,105404
1408465463,JavaScript,20010
1408465463,Metal,8657
1408465463,CSS,8473
1408465463,HTML,7876
1373976608,TypeScript,880784
1373976608,CSS,17156
1373976608,JavaScript,10987
1373976608,Dockerfile,1249
1377694077,Python,269533
1377694077,Rust,5139
1375615157,Python,610231
1371220575,TypeScript,911368
1371220575,CSS,8503
1371220575,JavaScript,6125
1371220575,NSIS,2233
1371220575,HTML,587
1363844653,C#,212538
1363844653,Batchfile,2318
1393229560,Python,1061491
1393229560,HTML,73584
1393229560,TypeScript,32751
1393229560,Shell,4803
1378084143,TypeScript,1983309
1378084143,CSS,16933
1378084143,JavaScript,12719
1378084143,PLpgSQL,7305
1378084143,Dockerfile,600
1389011744,JavaScript,5196692
1389011744,Python,1388499
1389011744,HTML,1248671
1389011744,Shell,97767
1389011744,CSS,46428
1368913638,Python,3260613
1368913638,JavaScript,581173
1368913638,QML,141911
1368913638,CSS,37514
1368913638,PowerShell,20699
1368913638,Shell,18871
1368913638,Batchfile,348
1396591019,C#,4045109
1396591019,C++,793186
1396591019,PowerShell,11091
1396591019,CMake,4464
1396591019,Python,3120
1396591019,Assembly,787
1396591019,C,281
1382402344,Python,228186
1382402344,PowerShell,3280
1382402344,Shell,831
1400080206,TypeScript,697658
1400080206,HTML,309057
1400080206,JavaScript,132699
1400080206,CSS,44780
1372530077,Python,388348
1372530077,Shell,34935
1367299537,JavaScript,1944973
1367299537,Shell,18012
1367299537,Python,5402
1366915122,Kotlin,1285272
1366915122,C,4983
1366915122,Makefile,192
1372867305,Python,33722
1372867305,Shell,665
1407504032,Python,622075
1407504032,HTML,551451
1407504032,JavaScript,40304
1407504032,TypeScript,23368
1407504032,Objective-C,1177
1407504032,Shell,933
1397588814,C#,2872999
1397588814,Batchfile,1135
1397588814,Shell,933
1375987946,Rust,227442
1376380844,C++,3190276
1376380844,Python,2745637
1376380844,Objective-C++,1712696
1376380844,Metal,392960
1376380844,C,121180
1376380844,Makefile,63193
1376380844,HTML,28436
1376380844,Shell,17021
1363264328,Python,850774
1363264328,Shell,112391
1363264328,Swift,43228
1363264328,Dart,2791
1381900816,Go,17837
1381900816,Shell,2557
1381900816,Dockerfile,529
1381900816,Makefile,249
1362930040,TypeScript,636866
1362930040,CSS,25579
1362930040,JavaScript,4567
1384260430,Rust,1644998
1384260430,Python,872669
1384260430,TypeScript,245641
1384260430,Shell,82799
1384260430,JavaScript,57299
1384260430,PowerShell,17097
1384260430,CSS,11094
1384260430,Roff,8158
1384260430,Dockerfile,5846
1384260430,HTML,422
1378487912,Python,299081
1378487912,JavaScript,73970
1378487912,HTML,27111
1378487912,CSS,24245
1400021723,Shell,2298708
1400021723,Swift,1900876
1400021723,C,1312719
1400021723,Python,1181506
1400021723,QML,125038
1400021723,C++,45511
1400021723,Lua,38903
1400021723,HTML,33592
1400021723,Objective-C,29910
1400021723,Go Template,28909
1400021723,JavaScript,12526
1400021723,Makefile,882
1388146961,JavaScript,36862
1407553561,TypeScript,3391213
1407553561,CSS,138928
1407553561,Python,49413
1407553561,JavaScript,48084
1407553561,HTML,4426
1407553561,Dockerfile,2288
1363388578,JavaScript,170103
1363388578,CSS,70289
1363388578,HTML,52293
1363388578,Batchfile,3640
1363388578,Shell,3026
1365248611,JavaScript,43940
1372296290,Jupyter Notebook,27012130
1372296290,Python,206911
1365498094,TypeScript,803306
1365498094,JavaScript,102897
1365498094,Shell,7350
1365498094,Batchfile,5428
1402010123,Rust,163119
1402010123,TypeScript,4961
1402010123,Python,2152
1402010123,Shell,1560
1402010123,Makefile,880
1402010123,JavaScript,537
1402010123,Dockerfile,446
1380291359,Kotlin,91376
1380291359,Python,79741
1380291359,PowerShell,1822
1374554782,C++,3458107
1374554782,C,338134
1374554782,Python,43503
1374554782,Batchfile,7415
1395765039,C,13534433
1395765039,C++,12437343
1395765039,JavaScript,417699
1395765039,Java,151271
1395765039,CMake,127260
1395765039,Python,100538
1395765039,Linker Script,44815
1395765039,GLSL,13299
1395765039,Shell,11587
1395765039,PowerShell,7331
1395765039,HLSL,6177
1395765039,Batchfile,4560
1395765039,Pawn,1111
1395765039,SourcePawn,967
1395765039,HTML,115
1367447179,Python,928797
1367447179,JavaScript,880422
1367447179,CSS,20082
1402417830,TypeScript,11410
1405436204,TypeScript,85261
1405436204,JavaScript,12083
1405436204,Python,918
1377110014,Python,1752002
1377110014,HTML,16423
1402034474,MDX,12592
1402034474,JavaScript,5656
1402034474,CSS,2163
1379166913,Python,1253235
1379166913,CMake,3295
1379166913,Shell,2546
1388409097,Python,43936
1388409097,Shell,2406
1369732737,C++,173849
1369732737,C,56552
1369732737,PowerShell,11138
1398804212,C,2576378
1398804212,Rust,662476
1398804212,C++,8811
1398804212,Python,7851
1398804212,Makefile,4048
1398804212,Shell,3694
1398804212,PowerShell,2156
1408082051,Python,61617
1397266142,TypeScript,225839
1397266142,Solidity,3703
1397266142,JavaScript,1134
1397266142,Dockerfile,459
1368785014,Java,79479
1368785014,Python,3253
1402244691,C++,3031047
1402244691,Shell,81549
1402244691,Python,70709
1402244691,PowerShell,34096
1402244691,C,15660
1402244691,Makefile,13977
1402244691,Linker Script,2702
1401760850,TypeScript,602592
1401760850,HTML,211297
1401760850,CSS,12384
1401760850,JavaScript,10841
1377266080,JavaScript,170967
1377266080,TypeScript,43003
1377266080,Shell,18709
1374827115,Python,247789
1397177100,JavaScript,583964
1397177100,TypeScript,432988
1397177100,C++,45572
1397177100,Python,19673
1397177100,PowerShell,4177
1402016280,TypeScript,393502
1402016280,CSS,11142
1402016280,JavaScript,518
1372451227,Python,14149323
1372451227,TypeScript,6947658
1372451227,Standard ML,1046486
1372451227,Go Template,984597
1372451227,Shell,884728
1372451227,C#,849058
1372451227,JavaScript,753842
1372451227,HTML,482482
1372451227,TeX,135090
1372451227,CSS,69312
1372451227,Swift,23348
1372451227,C,21256
1372451227,PowerShell,19401
1372451227,Jupyter Notebook,5060
1372451227,Go,4052
1372451227,Java,3995
1372451227,Mathematical Programming System,2539
1372451227,Dockerfile,1820
1372451227,Batchfile,345
1375155214,Python,343058
1375155214,Shell,4610
1375155214,Dockerfile,1058
1368104072,HTML,103306
1372488678,TypeScript,2992116
1372488678,JavaScript,735198
1372488678,Python,965
1372488678,Shell,488
1371121568,TypeScript,197530
1376779168,Python,139358
1376779168,HTML,8618
1376779168,Shell,7794
1388388953,JavaScript,34178
1365550050,TypeScript,404031
1365550050,JavaScript,10552
1365550050,Dockerfile,529
1382551549,TypeScript,789681
1382551549,JavaScript,450900
1382551549,CSS,59400
1382551549,PowerShell,11923
1382551549,HTML,10830
1382551549,NSIS,2035
1382551549,Batchfile,410
1382551549,Shell,303
1382551549,Dockerfile,186
1400291755,Solidity,1025987
1400291755,TypeScript,55654
1400291755,Python,18121
1400291755,JavaScript,381
1400291755,Dockerfile,300
1381043155,HTML,3007
1365044767,Kotlin,1085974
1365044767,Java,16154
1365044767,Shell,9377
1403193786,TypeScript,165635
1403193786,Solidity,3374
1403193786,JavaScript,856
1396737693,C++,13615580
1396737693,NASL,310832
1396737693,CMake,144473
1396737693,Python,14556
1396737693,C,9220
1396737693,PowerShell,7725
1396737693,GLSL,3177
1396737693,Nix,2471
1402754244,HTML,22973
1402754244,Python,22499
1386534744,Python,1300319
1386534744,JavaScript,733529
1386534744,CSS,121899
1386534744,HTML,98930
1386534744,Shell,16693
1386534744,TypeScript,10743
1386534744,Dockerfile,4268
1378041266,TypeScript,105318
1378041266,CSS,19547
1378041266,HTML,1012
1378041266,Shell,845
1378041266,Dockerfile,374
1377581532,HTML,95789
1394348802,Python,1075606
1394348802,Shell,184372
1372587647,TypeScript,64571
1390999238,Python,19922
1390999238,Jinja,8070
1385489266,C++,7832175
1385489266,C,3043922
1385489266,Python,174424
1385489266,PowerShell,79923
1385489266,CMake,20171
1385489266,Batchfile,427
1368974805,Python,636123
1368974805,CSS,5556
1374570446,Rust,884070
1374570446,Shell,3184
1374570446,Dockerfile,2534
1400245320,TypeScript,6114609
1400245320,Rust,167067
1400245320,CSS,54970
1400245320,Python,47996
1400245320,JavaScript,29869
1400245320,HTML,1156
1375299700,TypeScript,298059
1375299700,Python,235501
1375299700,JavaScript,55725
1375299700,HTML,48644
1375299700,Shell,7884
1375299700,Dockerfile,184
1362714737,TypeScript,2380845
1362714737,CSS,50451
1362714737,JavaScript,4060
1362714737,PLpgSQL,3696
1362714737,Dockerfile,675
1362714737,HTML,499
1376929885,Go,30917796
1376929885,Vue,5879864
1376929885,TypeScript,4171482
1376929885,PLpgSQL,128756
1376929885,Shell,100426
1376929885,HTML,65059
1376929885,JavaScript,45036
1376929885,CSS,30111
1376929885,Python,15376
1376929885,Dockerfile,11412
1376929885,Makefile,3808
1376929885,Go Template,174
1369052507,Python,279443
1362921299,C++,2308146
1362921299,C,891358
1362921299,JavaScript,293790
1362921299,PowerShell,154574
1362921299,HLSL,39118
1362921299,CSS,36024
1362921299,Assembly,33091
1362921299,HTML,31847
1362921299,Python,27246
1362921299,Batchfile,3268
1387091731,Swift,1387904
1387091731,HTML,172041
1387091731,Python,119429
1387091731,Shell,84205
1387091731,CSS,60012
1387091731,JavaScript,39720
1400877599,C++,460083
1400877599,Python,177524
1400877599,C,37924
1400877599,Batchfile,4324
1400877599,HLSL,4300
1400877599,Assembly,409
1400569563,TypeScript,6665064
1400569563,Kotlin,1503730
1400569563,Swift,1120036
1400569563,Python,223259
1400569563,JavaScript,174430
1400569563,PLpgSQL,76608
1400569563,Shell,42503
1400569563,Dockerfile,11356
1400569563,CSS,7942
1400569563,Makefile,6366
1400569563,C,4335
1400569563,HTML,901
1390192469,HTML,390934
1390192469,JavaScript,74414
1390192469,Python,31111
1390192469,CSS,29189
1390192469,Shell,16292
1388388166,Python,610696
1363703224,JavaScript,16696
1363703224,CSS,4091
1363703224,HTML,2665
1363703224,Python,2469
1366338210,C,50415
1366338210,C#,31695
1366338210,PowerShell,3869
1376303804,JavaScript,517629
1376303804,HTML,83669
1376303804,CSS,47186
1376485296,Python,154010
1376485296,Shell,1493
1386819973,TypeScript,10094
1386819973,JavaScript,141
1377632928,Swift,599700
1377632928,Python,510242
1377632928,TypeScript,34674
1377632928,JavaScript,8281
1377632928,Makefile,841
1377632928,Shell,306
1363787176,Swift,20266
1363787176,Metal,5159
1392183103,TypeScript,786252
1392183103,Rust,524276
1392183103,CSS,86614
1392183103,HTML,64770
1392183103,JavaScript,50438
1392183103,Shell,6581
1392183103,PowerShell,1823
1406409343,JavaScript,37740
1406409343,Solidity,14273
1378277537,PowerShell,6688
1394607890,C++,661001
1394607890,CMake,4452
1394607890,Nix,3821
1382497250,Python,720924
1382497250,Shell,40236
1404804237,Python,163134
1404804237,Shell,18157
1404804237,Lua,16354
1404804237,C++,10676
1404804237,Just,1746
1404804237,CSS,501
1404804237,Makefile,393
1379093818,Python,269833
1379093818,JavaScript,200028
1379093818,HTML,19792
1379093818,Shell,6019
1363692978,PHP,2451227
1363692978,Blade,6339
1391314978,Python,333521
1391314978,HTML,766
1378255874,C,131338338
1378255874,Python,3286662
1378255874,Assembly,2209722
1378255874,Makefile,1520920
1378255874,C++,1033648
1378255874,C#,435466
1378255874,Perl,423225
1378255874,ASL,216859
1378255874,Shell,155618
1378255874,CMake,145654
1378255874,Pawn,123828
1378255874,Java,92279
1378255874,Linker Script,84314
1378255874,Yacc,28378
1378255874,HTML,26766
1378255874,XProc,19248
1378255874,SmPL,19159
1378255874,Lex,15137
1378255874,Dockerfile,14950
1378255874,Smarty,11752
1378255874,JavaScript,8887
1378255874,Batchfile,8500
1378255874,Roff,7828
1378255874,Go Template,7133
1378255874,GDB,3642
1378255874,Awk,2609
1378255874,sed,1886
1378255874,Handlebars,1625
1378255874,CSS,1391
1378255874,Tcl,963
1382671462,Python,748863
1386672009,JavaScript,15617
1363412300,Python,52273
1372579511,Python,111282
1372579511,HTML,26092
1372579511,JavaScript,11350
1372579511,Batchfile,601
1378060456,Go,623316
1378060456,JavaScript,2593
1378060456,Shell,2020
1379510327,Python,102286
1379510327,HTML,52056
1379510327,Shell,9883
1362493329,Python,313647
1362493329,Shell,14707
1362493329,Batchfile,1713
1366204745,JavaScript,16553662
1366204745,TypeScript,14962002
1366204745,CSS,180163
1366204745,Python,107919
1366204745,PowerShell,1474
1383518430,TypeScript,2819022
1383518430,JavaScript,1282032
1383518430,Shell,189
1363904291,Python,1473446
1363950922,Go,24124234
1363950922,Starlark,132948
1363950922,Shell,125522
1363950922,Makefile,86000
1363950922,Tree-sitter Query,74169
1363950922,CSS,63478
1363950922,TypeScript,50867
1363950922,Go Template,46133
1363950922,Dockerfile,15915
1363950922,Objective-C,14114
1363950922,HTML,4378
1363950922,Python,4101
1363950922,JavaScript,3040
1363950922,Rust,2583
1363950922,Zig,1874
1363950922,AppleScript,1828
1363950922,MDX,118
1403115747,Python,88573
1403115747,TypeScript,1882
1379003933,Swift,963788
1379003933,C#,960346
1379003933,Shell,48113
1379003933,PowerShell,41962
1379003933,HTML,458
1376562698,Python,607668
1373440611,Python,833988
1373440611,Shell,51960
1373440611,HCL,19269
1373440611,HTML,3931
1373440611,Dockerfile,1865
1389416650,Go,4598728
1389416650,TypeScript,290299
1389416650,Metal,25401
1389416650,GLSL,18670
1389416650,HLSL,18280
1389416650,CSS,10157
1389416650,HTML,8621
1389416650,Go Template,5546
1389416650,JavaScript,5545
1389416650,C,3894
1389416650,Assembly,1838
1389416650,Zig,1748
1408489772,Rust,1841640
1408489772,Max,129481
1408489772,Shell,25686
1408489772,PowerShell,11731
1408489772,HTML,852
1364767317,Swift,133777
1364767317,Shell,1960
1384232861,JavaScript,3392239
1384232861,CSS,60577
1384232861,HTML,9730
1384232861,Python,8955
1384232861,Shell,2899
1371217350,JavaScript,84518
1408099862,Swift,113842
1408099862,Shell,8115
1371484855,Python,439886
1371484855,JavaScript,58117
1371484855,HTML,22348
1371484855,Shell,2443
1371484855,CSS,1881
1383979298,Lua,7987632
1383979298,Python,5958476
1383979298,TypeScript,2936739
1383979298,C,1239431
1383979298,JavaScript,548607
1383979298,PowerShell,535607
1383979298,C#,396228
1383979298,HTML,189990
1383979298,Java,146059
1383979298,C++,143278
1383979298,Rust,116016
1383979298,Shell,102300
1383979298,Roff,54775
1383979298,CSS,52504
1383979298,Vue,46564
1383979298,XSLT,31936
1383979298,Batchfile,27112
1383979298,Standard ML,14096
1383979298,Rebol,2701
1383979298,Dockerfile,2220
1383979298,YARA,740
1383979298,Makefile,80
1379166549,Python,282352
1396939768,Python,147788
1396939768,HTML,38804
1396939768,JavaScript,36035
1396939768,Shell,1254
1408557215,C++,4360435
1408557215,Python,708638
1408557215,GLSL,152037
1408557215,CMake,65616
1408557215,C#,12088
1408557215,Shell,8014
1408557215,Batchfile,2822
1408557215,PowerShell,2526
1401506630,Go,435847
1401506630,TypeScript,247745
1401506630,JavaScript,29003
1401506630,HTML,28498
1401506630,Python,8942
1372665897,Python,829652
1372665897,Shell,3922
1375071860,Python,801359
1375071860,C,283933
1375071860,Shell,133475
1375071860,HTML,63107
1375071860,CSS,56949
1375071860,JavaScript,10954
1375071860,Dockerfile,1210
1398473163,C++,488662
1398473163,Java,357986
1398473163,Python,33593
1398473163,PowerShell,8106
1398473163,CMake,2231
1398473163,Shell,1191
1398473163,Batchfile,686
1390331681,Python,323508
1390331681,Cuda,189980
1390331681,Shell,13983
1390331681,C++,7686
1370888240,Python,915960
1370888240,TypeScript,212599
1370888240,CSS,65798
1370888240,JavaScript,591
1370888240,HTML,362
1380003866,TypeScript,1062372
1380003866,Astro,110041
1380003866,CSS,12765
1380003866,JavaScript,1635
1380003866,MDX,294
1382575878,Swift,823711
1382575878,C,384454
1382575878,C++,355614
1382575878,Shell,161310
1382575878,Python,45981
1382575878,Objective-C,37758
1382575878,JavaScript,35769
1382575878,Makefile,24500
1382575878,Assembly,4616
1382575878,Linker Script,837
1375026016,Shell,9902
1375026016,Python,3411
1375026016,Makefile,1140
1375026016,Dockerfile,1055
1408289866,Rust,2025672
1408289866,Shell,24872
1408289866,PowerShell,11701
1408289866,HTML,848
1390938824,Python,12513
1390938824,JavaScript,4931
1390938824,HTML,2292
1390938824,Shell,2053
1367338986,TypeScript,3671187
1367338986,Rust,2637956
1367338986,PowerShell,52198
1367338986,Python,37750
1367338986,CSS,29298
1367338986,Swift,20919
1367338986,Shell,16222
1367338986,NSIS,10649
1367338986,JavaScript,2182
1367338986,HTML,660
1369428487,Python,64571
1369428487,TypeScript,32974
1369428487,HTML,2030
1369428487,CSS,547
1376380583,Python,2266117
1376380583,HTML,38200
1376380583,JavaScript,3542
1376380583,Shell,1199
1379117882,Rust,9787285
1379117882,TypeScript,4034383
1379117882,JavaScript,254858
1379117882,CSS,95512
1379117882,Python,25079
1379117882,HTML,7649
1379117882,Shell,3999
1379117882,RenderScript,2
1362322371,Python,457627
1362322371,JavaScript,61055
1362322371,HTML,53633
1362322371,CSS,16830
1362322371,Dockerfile,2611
1362322371,Shell,1628
1362322371,Procfile,19
1362204453,TypeScript,641199
1362204453,JavaScript,412216
1362204453,CSS,99136
1362204453,HTML,3045
1362204453,Makefile,1344
1401457273,JavaScript,17279411
1401457273,CSS,353555
1401457273,Python,56975
1401457273,HTML,45853
1401457273,PowerShell,13022
1401457273,Dockerfile,2874
1401457273,Batchfile,2813
1401457273,Shell,1175
1377952273,Rust,9803862
1377952273,Python,191969
1377952273,Shell,44083
1377952273,JavaScript,14017
1377952273,Swift,12166
1377952273,Just,9300
1377952273,Nix,3870
1377952273,Ruby,360
1382888848,JavaScript,736238
1382888848,HTML,48841
1382888848,CSS,15212
1375500090,JavaScript,22966
1365776373,JavaScript,3470070
1365776373,TypeScript,1371194
1365776373,Python,12684
1365776373,Shell,11591
1365776373,Makefile,6742
1365776373,Swift,4600
1365776373,CSS,4276
1365776373,Dockerfile,1361
1365776373,HTML,734
1380950524,Python,186552
1380950524,TypeScript,3945
1384734543,TypeScript,11575161
1384734543,Go,7153286
1384734543,CSS,1150920
1384734543,JavaScript,1113976
1384734543,Python,85966
1384734543,Shell,40328
1384734543,PowerShell,37952
1384734543,HTML,6818
1384734543,Dockerfile,2770
1364080668,TypeScript,4356198
1364080668,JavaScript,57545
1364080668,CSS,38044
1364080668,Python,5851
1364080668,HTML,304
1367577373,Rust,1272891
1367577373,TypeScript,684832
1367577373,Svelte,679729
1367577373,Python,502045
1367577373,Shell,126113
1367577373,CSS,47881
1367577373,HCL,16952
1367577373,HTML,15602
1367577373,JavaScript,224
1388261262,TypeScript,2554086
1388261262,CSS,13916
1388261262,HTML,381
1388261262,Dockerfile,136
1384159311,JavaScript,103490
1384159311,HTML,1567
1376757283,Astro,204465
1376757283,TypeScript,189933
1376757283,CSS,84016
1376757283,JavaScript,38361
1376757283,Python,12391
1376258916,HTML,571677
1376258916,JavaScript,361915
1376258916,CSS,114220
1376258916,Python,5661
1394011672,TypeScript,193034
1394011672,Python,93832
1394011672,CSS,7573
1394011672,JavaScript,6617
1394011672,HTML,6072
1374419657,Python,511634
1374419657,Shell,4373
1367606050,HTML,58197
1400714777,Python,166174
1400714777,Objective-C++,140411
1400714777,C++,91758
1400714777,Swift,90219
1400714777,Shell,87128
1400714777,C,47357
1400714777,Objective-C,2955
1369171633,C++,1191897
1369171633,Python,630770
1369171633,PowerShell,42147
1369171633,Cuda,36318
1369171633,CMake,23375
1369171633,Svelte,17750
1369171633,Shell,17666
1369171633,Batchfile,7957
1369171633,C,4815
1369171633,JavaScript,3017
1369171633,TypeScript,1651
1366072565,Python,3229308
1366072565,TypeScript,1162954
1366072565,JavaScript,334467
1366072565,PowerShell,35754
1366072565,Shell,22884
1366072565,HTML,20859
1366072565,Dockerfile,15708
1366072565,CSS,11143
1366072565,Batchfile,5154
1382111737,Swift,931515
1382111737,Go,173835
1382111737,Dockerfile,1197
1382111737,Shell,711
1366893424,C,1993449
1366893424,Swift,991629
1366893424,C++,219767
1366893424,Shell,98207
1366893424,Objective-C,59228
1366893424,Python,33677
1366893424,JavaScript,26829
1366893424,Rust,17460
1366893424,Assembly,2786
1366893424,Metal,1175
1381743704,C,500108479
1381743704,C++,353347939
1381743704,Python,1273080
1381743704,Shell,161165
1381743704,Vue,82981
1381743704,CMake,55121
1381743704,JavaScript,8678
1381743704,Dockerfile,8500
1381743704,Batchfile,1978
1381743704,HTML,839
1381743704,Objective-C++,720
1381743704,Awk,645
1381743704,GDB,376
1408493106,JavaScript,240760
1408493106,Python,51245
1408493106,HTML,44484
1408493106,Batchfile,309
1408493106,PowerShell,306
1397939439,Python,768490
1397939439,JavaScript,614514
1397939439,CSS,116127
1397939439,HTML,11886
1397939439,Batchfile,1007
1397939439,NSIS,970
1397939439,Shell,499
1368340387,Rust,14461976
1368340387,Common Lisp,74278
1368340387,Makefile,22145
1368340387,WGSL,14851
1368340387,Shell,2343
1368340387,Python,2254
1368340387,Handlebars,751
1368340387,RenderScript,2
1374667371,HTML,273537
1374667371,Python,111850
1374667371,JavaScript,91169
1374667371,CSS,32384
1407873347,Python,2179559
1407873347,TypeScript,622114
1407873347,CSS,5291
1407873347,JavaScript,5132
1407873347,Shell,2532
1407873347,PowerShell,2198
1407873347,Mako,704
1407873347,HTML,359
1375397100,Python,1080070
1375397100,TypeScript,10609
1375397100,Dockerfile,3883
1363438862,Python,120893
1363438862,C++,4968
1365350772,JavaScript,232588
1365350772,HTML,194585
1365350772,CSS,40813
1365350772,Shell,2505
1378880709,Python,312289
1378880709,HTML,87301
1381356320,TypeScript,7139422
1381356320,JavaScript,1136172
1381356320,HTML,42180
1381356320,Python,34726
1381356320,Shell,5156
1372754222,JavaScript,4827007
1372754222,TypeScript,2143705
1372754222,Go,204028
1372754222,Python,63089
1372754222,Shell,35701
1372754222,CSS,20731
1372754222,Dockerfile,3746
1372754222,HTML,833
1385768572,Python,739171
1378832559,JavaScript,374259
1378832559,C++,298137
1378832559,Python,189599
1378832559,TypeScript,173918
1378832559,WGSL,60584
1378832559,GLSL,25916
1378832559,PowerShell,18517
1378832559,HTML,13926
1378832559,CSS,10160
1377318357,TypeScript,29029
1377318357,JavaScript,3779
1377318357,Python,3475
1410750399,Rust,190109
1372455596,Python,27643
1372455596,JavaScript,14541
1372455596,CSS,4533
1372455596,SCSS,130
1381783784,JavaScript,1422300
1381783784,Python,691160
1381783784,TypeScript,85577
1381783784,Shell,53664
1381783784,CSS,24199
1381783784,HTML,19543
1381783784,Dockerfile,5493
1381783784,Swift,4133
1381783784,PowerShell,2933
1381783784,Batchfile,847
1381152958,TypeScript,293603
1381152958,CSS,6163
1381152958,JavaScript,559
1373084533,Python,26010
1391506818,Rust,19679547
1391506818,Makefile,22565
1391506818,WGSL,10285
1391506818,Python,5777
1391506818,PowerShell,2541
1391506818,Shell,2370
1391506818,RenderScript,2
1403307052,Go,3584110
1403307052,TypeScript,2127304
1403307052,Python,168513
1403307052,PLpgSQL,79119
1403307052,Shell,78932
1403307052,JavaScript,30377
1403307052,CSS,19546
1403307052,Dockerfile,3268
1403307052,Batchfile,2024
1408285582,Rust,2661611
1408285582,Shell,28319
1408285582,PowerShell,11731
1408285582,HTML,852
1376174149,TypeScript,88931
1376174149,Makefile,148
1380002148,TypeScript,28426628
1380002148,Shell,1061389
1380002148,JavaScript,27116
1380002148,PowerShell,3320
1380002148,HTML,490
1380002148,Dockerfile,115
1369491776,Rust,581151
1369491776,Shell,2318
1369491776,JavaScript,2213
1369491776,PowerShell,2206
1392255587,C,402455
1392255587,Python,171993
1392255587,Assembly,20732
1392255587,HTML,10365
1392255587,CMake,7838
1392255587,Linker Script,2191
1379929433,Python,292021
1379929433,Batchfile,786
1408284340,Rust,30922951
1408284340,JavaScript,734912
1408284340,Python,644857
1408284340,Shell,434259
1408284340,TypeScript,219960
1408284340,Go,23482
1408284340,HTML,8766
1404743796,TypeScript,115643
1404743796,Shell,3008
1362509712,JavaScript,82444
1362509712,Shell,28137
1362509712,HTML,22236
1362509712,PowerShell,1561
1367131646,Python,1897417
1367131646,HTML,482955
1367131646,JavaScript,197676
1367131646,Shell,16408
1367131646,Batchfile,6637
1367131646,Dockerfile,1619
1370747786,C,289940
1370747786,Objective-C,157782
1370747786,Makefile,4756
1370747786,Python,2698
1370747786,Shell,1200
1373993338,JavaScript,1943798
1373993338,HTML,520401
1373993338,Python,88439
1373993338,CSS,68842
1374986657,JavaScript,2204709
1374986657,TypeScript,1011072
1374986657,Shell,438
1375362154,Python,80102
1375362154,JavaScript,49670
1375362154,CSS,3821
1408486424,Rust,2683559
1408486424,Shell,28031
1408486424,PowerShell,11465
1408486424,HTML,990
1367044972,TypeScript,431392
1367044972,JavaScript,322641
1367044972,HTML,38453
1367044972,CSS,9581
1374349137,Python,570844
1374349137,JavaScript,23316
1374349137,TypeScript,18755
1377039457,C,6507
1382625851,Python,793963
1382625851,Shell,7860
1368447577,Python,58562
1378958030,TypeScript,759888
1378958030,JavaScript,81599
1378958030,HTML,49461
1378958030,Python,28425
1378958030,PowerShell,13059
1378958030,CSS,9107
1363199101,Rust,9302079
1363199101,Fluent,2846350
1363199101,Python,138049
1363199101,Shell,27335
1363199101,JavaScript,21177
1363199101,PowerShell,14444
1363199101,NSIS,9321
1363199101,Nix,7437
1363199101,HTML,1271
1363199101,Ruby,435
1405454424,Rust,224577
1405454424,Python,29841
1363399964,JavaScript,1291303
1363399964,Python,469336
1363399964,TypeScript,104254
1363399964,CSS,24476
1363399964,HTML,17733
1363399964,Shell,4291
1374928133,TypeScript,5954033
1374928133,CSS,297469
1374928133,HTML,132661
1374928133,PowerShell,35870
1374928133,Shell,22581
1374928133,JavaScript,16501
1374928133,Python,744
1396584589,TypeScript,2455510
1396584589,CSS,148772
1396584589,Python,21835
1396584589,HCL,15069
1396584589,PLpgSQL,6300
1396584589,Go Template,3105
1396584589,Dockerfile,1816
1396584589,Shell,1609
1396584589,HTML,600
1388323013,TypeScript,4490772
1388323013,Shell,292250
1388323013,Python,148346
1388323013,CSS,127693
1388323013,JavaScript,41968
1388323013,PowerShell,16922
1388323013,HTML,12339
1388323013,Dockerfile,2510
1370752473,Python,1548705
1370752473,HTML,476793
1370752473,Shell,2254
1370752473,Batchfile,1557
1373665161,TypeScript,47653
1373665161,JavaScript,16168
1373665161,CSS,11446
1373665161,HTML,706
1408294296,Rust,4709550
1408294296,Shell,27106
1408294296,PowerShell,11656
1408294296,HTML,965
1401970070,C++,7617313
1401970070,CMake,67760
1401970070,Shell,8119
1401970070,Lua,3430
1401970070,C,1311
1375482713,JavaScript,925495
1375482713,TypeScript,229183
1375482713,CSS,124400
1375482713,HTML,3481
1386487703,Python,239457
1386487703,JavaScript,15944
1386487703,HTML,10264
1386487703,Shell,1987
1382460607,Python,1910547
1382460607,Shell,23305
1382460607,Batchfile,7099
1382460607,Go,869
1403431984,HTML,31556
1403431984,Python,19247
1375639479,Python,219683
1375639479,Shell,3328
1375639479,Dockerfile,3098
1396948593,Rust,7043819
1396948593,TypeScript,93771
1396948593,CSS,19052
1396948593,Python,18752
1396948593,JavaScript,7063
1396948593,Shell,4484
1396948593,HTML,1618
1396948593,Dockerfile,1420
1386778170,Markdown,272582
1375626577,Go,426586
1375626577,JavaScript,32492
1375626577,HTML,28326
1375626577,CSS,7331
1375626577,Shell,2358
1375626577,Batchfile,549
1399841077,TeX,506264
1408371739,TypeScript,1828482
1408371739,Astro,54470
1408371739,CSS,15583
1408371739,JavaScript,3003
1375205080,Python,405364
1375205080,Shell,4496
1395172468,C#,1374120
1395172468,C++,184971
1395172468,Python,90363
1395172468,PowerShell,86223
1395172468,Swift,71614
1395172468,Shell,35302
1395172468,JavaScript,30730
1395172468,Common Lisp,14674
1395172468,Inno Setup,6247
1395172468,CMake,2874
1395172468,Batchfile,181
1386872576,Python,939769
1386872576,Batchfile,709
1372359684,JavaScript,51606
1367294837,Swift,3874337
1367294837,Python,317806
1367294837,Shell,147410
1367294837,Objective-C,66177
1367294837,JavaScript,36276
1367294837,HTML,36263
1367294837,Go,20540
1367294837,Ruby,9487
1367294837,TypeScript,5054
1367294837,C,551
1382110717,TypeScript,23013227
1382110717,JavaScript,204163
1382110717,PLpgSQL,84772
1382110717,SCSS,15136
1382110717,CSS,12199
1382110717,Shell,8162
1382110717,Makefile,6299
1382110717,Dockerfile,4141
1382110717,HTML,2263
1374404623,Python,14093
1374404623,CSS,5335
1374404623,JavaScript,4560
1374404623,HTML,4524
1372608558,Swift,512447
1372608558,Ruby,21095
1372608558,Shell,11331
1372608558,Python,10823
1372608558,C++,6716
1372608558,C,223
1376169754,JavaScript,46939
1402504227,Java,1297598
1402504227,TypeScript,821133
1402504227,Python,317506
1402504227,JavaScript,141202
1402504227,PowerShell,49771
1402504227,Batchfile,363
1395987291,TypeScript,449140
1395987291,JavaScript,18911
1395987291,CSS,6893
1378140242,Rust,26788397
1378140242,Just,11883
1402525166,HTML,1390973
1402525166,JavaScript,970365
1402525166,CSS,57919
1402525166,Python,33020
1380762959,Python,1847950
1380762959,HTML,111981
1380762959,JavaScript,43793
1380762959,CSS,9728
1391423600,TypeScript,2215877
1391423600,JavaScript,785039
1391423600,Python,233380
1391423600,PHP,35487
1391423600,HTML,24373
1375675343,Python,649068
1375675343,JavaScript,215951
1375675343,HTML,155148
1375675343,CSS,71038
1394129213,Kotlin,4316364
1394129213,C,204882
1394129213,HTML,80113
1394129213,Python,12818
1394129213,Shell,9089
1394129213,Makefile,789
1366951816,Swift,353238
1366951816,Shell,23224
1363423951,Python,1102030
1363423951,C++,45176
1363423951,CMake,3096
1363423951,Shell,1518
1363423951,Makefile,323
1368770307,HTML,6508871
1368770307,JavaScript,1453827
1368770307,Python,1352106
1368770307,CSS,256664
1368770307,Shell,34118
1368770307,TeX,340
1375530874,Rust,1147569
1375530874,Shell,8310
1364012461,JavaScript,122747
1364012461,Go Template,2716
1377820977,Python,293511
1377938409,JavaScript,479435
1377938409,Python,17779
1377938409,Java,10356
1377938409,Shell,1482
1377938409,C,1338
1377938409,Objective-C,429
1377938409,Swift,328
1375639332,Python,1302
1403974550,Python,510947
1403974550,HTML,108369
1403974550,C,1595
1403974550,Cython,1190
1403974550,Shell,85
1377884826,HTML,157794
1377884826,Jupyter Notebook,12507
1377884826,Python,9132
1377884826,Shell,2348
1377884826,Dockerfile,271
1373617155,JavaScript,93196
1394090575,TypeScript,149503
1394090575,Vue,44467
1394090575,JavaScript,31296
1394090575,Go Template,780
1394090575,CSS,173
1374058281,HTML,159525
1374058281,JavaScript,74540
1374058281,CSS,55637
1374058281,Python,45077
1364913583,JavaScript,788303
1364913583,CSS,66231
1364913583,HTML,7224
1364913583,PowerShell,116
1405604903,Python,65328
1405604903,HTML,22484
1375487141,Python,47183
1375487141,Swift,3199
1375487141,Dockerfile,894
1375487141,Shell,592
1378511691,TypeScript,346926
1378511691,CSS,2788
1378511691,Dockerfile,1061
1378511691,HTML,996
1378511691,JavaScript,81
1375721079,TypeScript,534141
1375721079,JavaScript,8606
1367403770,JavaScript,17472687
1367403770,Swift,2927796
1367403770,Python,1586285
1367403770,CSS,219330
1367403770,Java,88301
1367403770,HTML,68739
1367403770,Shell,16648
1367403770,Objective-C++,8422
1367403770,Dockerfile,526
1367403770,TypeScript,199
1385448778,Verilog,8917825
1385448778,Python,3615740
1385448778,SystemVerilog,775553
1385448778,Tcl,170786
1385448778,Shell,147615
1385448778,HTML,98377
1385448778,C,28787
1385448778,Makefile,7329
1385448778,Linker Script,893
1385448778,Assembly,332
1396918266,Python,1156297
1396918266,Makefile,1512
1367501425,JavaScript,112868
1367501425,Shell,32643
1367501425,Python,990
1367501425,HTML,869
1367501425,TypeScript,306
1374682325,Go,40126770
1374682325,JavaScript,1326662
1374682325,Python,901174
1374682325,Rust,669095
1374682325,Shell,150252
1374682325,Makefile,67247
1374682325,CSS,22952
1374682325,TypeScript,12676
1374682325,Dockerfile,5612
1374682325,HTML,2225
1374682325,PowerShell,2209
1374682325,Assembly,954
1395835665,C++,518884
1395835665,Python,217121
1395835665,CMake,2976
1395835665,Shell,1057
1370331779,Python,64012
1370331779,HTML,6068
1383977800,Python,63888
1396526455,Python,575861
1396526455,PowerShell,3632
1396526455,Shell,3281
1396526455,C,2322
1371687666,TypeScript,1216979
1371687666,Go,279432
1371687666,Swift,69219
1371687666,C#,53711
1371687666,CSS,44757
1371687666,Python,35309
1371687666,PowerShell,17552
1371687666,Shell,15153
1371687666,JavaScript,3453
1371687666,Inno Setup,2393
1371687666,Makefile,2089
1371687666,HTML,704
1389296336,Dart,1272693
1389296336,Go,792640
1389296336,GLSL,89963
1389296336,Python,63023
1389296336,C++,21112
1389296336,CMake,15220
1389296336,Kotlin,13982
1389296336,Swift,2211
1389296336,Ruby,2053
1389296336,C,1259
1389296336,PowerShell,304
1389296336,Objective-C,302
1378537574,TypeScript,9806488
1378537574,SCSS,595538
1378537574,JavaScript,48625
1378537574,Python,16757
1378537574,CSS,6580
1389873042,Kotlin,1677293
1389873042,Java,143673
1389873042,C++,43823
1389873042,Python,27130
1389873042,AIDL,2227
1389873042,C,1352
1389873042,CMake,1293
1389873042,Shell,1057
1371142769,TypeScript,53396437
1371142769,JavaScript,871548
1371142769,PLpgSQL,83021
1371142769,CSS,81890
1371142769,Kotlin,52451
1371142769,Shell,28510
1371142769,TypeSpec,20919
1371142769,HTML,13290
1371142769,Swift,12954
1371142769,Dockerfile,5910
1375445850,Python,1264262
1375445850,Shell,70047
1403847264,TypeScript,521836
1403847264,JavaScript,236141
1403847264,Python,94287
1403847264,CSS,28761
1403847264,HTML,1122
1380683591,Python,255524
1380683591,Jinja,26992
1380683591,CSS,10051
1380683591,Shell,244
1395995350,Python,1011278
1395995350,Shell,74872
1379401527,Python,585330
1379401527,HTML,69114
1379401527,JavaScript,29944
1387418261,HTML,42459
1387418261,JavaScript,11995
1387418261,Python,9237
1387418261,CSS,1356
1387418261,Shell,1094
1401461555,Python,379312
1401461555,JavaScript,196857
1401461555,CSS,21305
1401461555,HTML,11676
1401461555,Shell,243
1377811021,C++,8608299
1377811021,C,3620258
1377811021,C#,1033101
1377811021,HLSL,55510
1377811021,PowerShell,43371
1377811021,Batchfile,20277
1377811021,Shell,12328
1377811021,Python,4181
1377811021,CMake,601
1388056636,Swift,2667821
1388056636,Kotlin,1933709
1388056636,Go,1642068
1388056636,QML,260778
1388056636,JavaScript,131778
1388056636,HTML,37408
1388056636,Python,35585
1388056636,C++,35102
1388056636,CSS,30666
1388056636,Shell,23026
1388056636,Makefile,11359
1388056636,CMake,1989
1396833161,C++,1956195
1396833161,C,432738
1396833161,Python,337931
1396833161,CMake,230336
1396833161,Shell,47534
1396833161,GLSL,31820
1396833161,NASL,11577
1396833161,Makefile,4867
1396833161,Assembly,2460
1396833161,Linker Script,1048
1396833161,Dockerfile,696
1362562155,C++,6292925
1362562155,Python,1554495
1362562155,QML,1014730
1362562155,PowerShell,419426
1362562155,CMake,128190
1362562155,HLSL,98969
1362562155,CSS,51825
1362562155,C,19035
1362562155,HTML,7959
1362562155,Batchfile,5685
1362562155,JavaScript,2315
1374858514,TypeScript,249851
1374858514,CSS,5134
1374858514,HTML,1513
1374858514,JavaScript,1343
1366032081,JavaScript,1112867
1366032081,HTML,261033
1366032081,Shell,3495
1366032081,Batchfile,2146
1363543912,Dart,2313213
1363543912,C++,81167
1363543912,CMake,20452
1363543912,Nix,6393
1363543912,HTML,4943
1363543912,Swift,3103
1363543912,Inno Setup,2630
1363543912,C,2238
1377427328,Python,434498
1377427328,JavaScript,52454
1377427328,HTML,12462
1364134430,Python,4117191
1364134430,TypeScript,601184
1364134430,Vue,421716
1364134430,CSS,136334
1364134430,Dockerfile,17966
1364134430,Shell,5563
1364134430,JavaScript,1165
1364134430,Mako,593
1364134430,HTML,422
1383023635,Markdown,188328
1365214242,JavaScript,71689
1397906178,JavaScript,61514
1397906178,CSS,37470
1397906178,Vue,26135
1367089920,Python,3512701
1367089920,C++,2313852
1367089920,TypeScript,810695
1367089920,Vue,614814
1367089920,CSS,145191
1367089920,JavaScript,38855
1367089920,Shell,32072
1367089920,C,11364
1367089920,Dockerfile,1288
1367089920,HTML,343
1387743071,JavaScript,413814
1387743071,HTML,12454
1373837418,JavaScript,201318
1373837418,TypeScript,151636
1373837418,Shell,1571
1393862161,C,1233062
1393862161,Python,381816
1393862161,Shell,210739
1393862161,C++,157979
1393862161,Objective-C++,117454
1393862161,Objective-C,50156
1393862161,CMake,39209
1384275032,Go,167767
1398418891,Python,584065
1398418891,Swift,40662
1398418891,Shell,2074
1391454845,Rust,10902284
1391454845,WGSL,365166
1391454845,Shell,30950
1391454845,JavaScript,23237
1391454845,CSS,16984
1391454845,HTML,12905
1391454845,Python,11636
1391454845,Java,10765
1391454845,Lua,5703
1391454845,PowerShell,3090
1391454845,Batchfile,2397
1380797051,TypeScript,49298
1380797051,CSS,6831
1380797051,JavaScript,876
1380797051,HTML,272
1400880490,Python,1306035
1400880490,TeX,41968
1400880490,Shell,7069
1387284767,C++,16277778
1387284767,C,637412
1387284767,HTML,466223
1387284767,GLSL,200262
1387284767,Python,180225
1387284767,Objective-C++,153036
1387284767,CMake,118608
1387284767,HLSL,108699
1387284767,Metal,98706
1387284767,Shell,85627
1387284767,TeX,30759
1387284767,JavaScript,27477
1387284767,Perl,14829
1387284767,Batchfile,6709
1387284767,Makefile,5288
1387284767,Assembly,3908
1387284767,Linker Script,3132
1387284767,Go,1487
1387284767,CSS,1392
1387284767,Objective-C,1145
1386522258,Python,190625
1383489293,HTML,401537
1383489293,Python,4635
1401821001,TypeScript,5715752
1401821001,CSS,96909
1401821001,JavaScript,41285
1401821001,HTML,10237
1401821001,Dockerfile,599
1376004275,TypeScript,28778
1367266329,TypeScript,1295410
1367266329,Python,108907
1367266329,ASP.NET,9206
1367266329,PHP,7340
1367266329,XSLT,6303
1367266329,Classic ASP,3372
1367266329,JavaScript,1508
1367266329,Java,1271
1367266329,Ruby,1234
1367266329,Jupyter Notebook,611
1367266329,HTML,473
1367266329,Shell,52
1367266329,Hack,45
1375039364,JavaScript,21373
1375039364,Python,17789
1375039364,CSS,11198
1390232691,JavaScript,3752839
1390232691,CSS,42786
1390232691,HTML,13083
1382450432,TypeScript,2289134
1382450432,Rust,2036666
1382450432,JavaScript,1092573
1382450432,CSS,41621
1382450432,PowerShell,36466
1382450432,HTML,31427
1382450432,Shell,7041
1382450432,NSIS,3550
1382450432,Go,1242
1382450432,Python,212
1380873237,Python,368329
1380873237,JavaScript,120219
1380873237,CSS,55662
1380873237,HTML,46673
1380873237,PowerShell,26835
1374789451,JavaScript,1082204
1374789451,Python,1044
1405965779,JavaScript,715826
1405965779,HTML,52388
1405965779,CSS,18126
1405965779,PowerShell,8007
1405965779,Python,2335
1405965779,TypeScript,2039
1372896776,Python,2319174
1372896776,JavaScript,61710
1372896776,Shell,36911
1401219750,TypeScript,3225076
1401219750,JavaScript,245086
1401219750,Shell,28431
1401219750,Python,10744
1401219750,Go,3628
1401219750,Ruby,2726
1369493694,Python,11709
1369493694,Shell,1869
1371919263,Swift,327417
1367897629,Python,1843727
1367897629,Shell,6873
1367897629,Dockerfile,193
1362805626,Cuda,163663
1362805626,Python,88190
1362805626,AGS Script,54128
1362805626,C++,32573
1379617146,Python,749898
1379617146,Shell,27141
1379617146,C,2245
1376838660,TypeScript,8519195
1376838660,Shell,846562
1376838660,JavaScript,425919
1376838660,Python,310896
1376838660,Makefile,10936
1376838660,Dockerfile,573
1402121018,TypeScript,20383031
1402121018,HTML,9390590
1402121018,JavaScript,811331
1402121018,CSS,185721
1402121018,Shell,3794
1372356297,TypeScript,707075
1372356297,Vue,254392
1372356297,CSS,40252
1372356297,HTML,7196
1372356297,JavaScript,2046
1389207230,JavaScript,6777502
1389207230,CSS,437358
1389207230,HTML,38296
1389207230,Python,15452
1389207230,Shell,4099
1381412852,TypeScript,29720174
1381412852,JavaScript,1063412
1381412852,CSS,342038
1381412852,Shell,94193
1381412852,NSIS,80970
1381412852,HTML,50388
1381412852,PowerShell,42003
1381412852,C,37872
1381412852,Python,34044
1381412852,Just,15914
1381412852,Nix,6770
1381412852,Objective-C,5876
1381412852,Batchfile,2525
1381412852,Dockerfile,1970
1381412852,Makefile,163
1369624742,Python,542575
1369624742,Shell,444
1396684626,Python,1397401
1396684626,JavaScript,4206
1396684626,HTML,2397
1365202470,PHP,2554940
1365202470,Blade,553976
1365202470,JavaScript,84858
1365202470,CSS,13753
1391318647,TypeScript,6092583
1391318647,JavaScript,967170
1391318647,CSS,46899
1391318647,Shell,9922
1391318647,Swift,4730
1391318647,Kotlin,1496
1391318647,HTML,217
1363745503,HTML,1409326
1363745503,Python,1269590
1363745503,Shell,195949
1363745503,TeX,46839
1363745503,JavaScript,7014
1363745503,TypeScript,4922
1363745503,CSS,3465
1397599794,Swift,10412
1397599794,Python,9382
1397599794,TypeScript,6179
1397599794,JavaScript,1826
1375641268,TypeScript,227601
1375641268,HTML,52978
1375641268,JavaScript,2163
1403388032,JavaScript,1377379
1403388032,TypeScript,610632
1403388032,CSS,118420
1403388032,Python,19196
1403388032,Swift,15189
1403388032,Shell,13764
1403388032,HTML,786
1372537050,Python,67372
1382720165,Python,2676924
1382720165,TypeScript,300774
1382720165,PowerShell,5947
1382720165,HTML,1899
1362709863,PowerShell,1712
1362709863,Shell,1255
1374280231,JavaScript,123823
1374280231,TypeScript,32961
1374280231,CSS,24105
1373512346,C,10867645
1373512346,Python,1399579
1373512346,Shell,1326920
1373512346,JavaScript,148457
1373512346,PowerShell,94984
1373512346,Makefile,63543
1373512346,Awk,12908
1373512346,Dockerfile,2276
1373512346,Batchfile,428
1373512346,Assembly,143
1397483977,Python,202186
1380286890,Python,78149
1385775186,HTML,501620
1385775186,JavaScript,185537
1385775186,Python,69452
1385775186,D2,15096
1385775186,Shell,984
1385775186,Mermaid,482
1369235759,C,17585265
1369235759,C++,538560
1369235759,Python,467357
1369235759,Java,287502
1369235759,CMake,52610
1369235759,Shell,50117
1369235759,JavaScript,20405
1369235759,Objective-C,6537
1369235759,Dockerfile,2427
1369235759,Linker Script,2279
1369235759,Batchfile,1488
1369235759,HTML,1435
1372622037,Python,4758248
1372622037,Shell,15037
1401620953,HTML,65709
1401620953,JavaScript,46699
1401620953,Python,43487
1401620953,Shell,2674
1401620953,Dockerfile,1902
1401620953,Pascal,326
1394871993,Python,430655
1394871993,Shell,423
1368271613,Python,1140542
1368271613,Jupyter Notebook,68106
1368271613,Shell,11517
1368271613,Dockerfile,3133
1377047791,Python,323034
1372074855,TypeScript,364816
1372074855,JavaScript,15583
1372074855,CSS,9243
1372074855,Shell,2439
1372074855,HTML,162
1366280840,HTML,849516
1366280840,JavaScript,96861
1366280840,Python,78394
1366280840,CSS,63979
1366280840,Dockerfile,307
1404677872,Java,1580582
1404677872,Metal,411298
1404677872,Objective-C,304474
1404677872,C,44230
1404677872,Python,2650
1404677872,Shell,1345
1382865521,Swift,12605506
1382865521,Kotlin,11576491
1382865521,Python,4104528
1382865521,TypeScript,3263907
1382865521,C,1680803
1382865521,Objective-C,1214091
1382865521,Shell,670361
1382865521,JavaScript,547351
1382865521,C++,481725
1382865521,Makefile,426191
1382865521,HTML,375992
1382865521,Assembly,83512
1382865521,CSS,66553
1382865521,Roff,28086
1382865521,M4,10805
1382865521,Pascal,10651
1382865521,Objective-C++,6586
1382865521,Ruby,6251
1382865521,Go,5790
1382865521,VBScript,4926
1382865521,Vue,3101
1382865521,Batchfile,2898
1382865521,Dockerfile,2665
1382865521,Perl,1322
1382865521,CMake,1034
1391434773,JavaScript,42903
1366114739,Rust,17609789
1366114739,TypeScript,9619493
1366114739,Python,123350
1366114739,JavaScript,86849
1366114739,CSS,61881
1366114739,Shell,47297
1366114739,HTML,27151
1366114739,Dockerfile,19367
1366114739,RenderScript,1
1370973144,JavaScript,239626
1370973144,Shell,7485
1370973144,HTML,1444
1363844227,HTML,49943
1363844227,JavaScript,47325
1363844227,CSS,15475
1363844227,Batchfile,5562
1363844227,Shell,5
1363844227,PostScript,1
1389040382,TypeScript,23533
1389040382,Python,12428
1394398089,Python,39618
1365582966,Rust,7374988
1365582966,TypeScript,1703738
1365582966,JavaScript,363569
1365582966,CSS,282166
1365582966,HTML,57799
1365582966,Go,41523
1365582966,Shell,8483
1365582966,Dockerfile,5939
1378383745,Python,17024
1378383745,CSS,5461
1378383745,JavaScript,3588
1371675550,C,231799714
1371675550,C++,39457529
1371675550,Python,12646370
1371675550,Assembly,1730564
1371675550,Perl,1126091
1371675550,Yacc,899455
1371675550,JavaScript,871815
1371675550,Objective-C,358916
1371675550,VBScript,329291
1371675550,Makefile,288905
1371675550,Batchfile,172125
1371675550,Roff,155180
1371675550,M4,153495
1371675550,Ruby,107009
1371675550,Pawn,106336
1371675550,CMake,79457
1371675550,Lex,72179
1371675550,Shell,67566
1371675550,HTML,37131
1371675550,Java,34763
1371675550,HLSL,13096
1371675550,C#,3780
1371675550,XSLT,544
1371675550,CSS,169
1371675550,GLSL,27
1375172727,TypeScript,1705049
1375172727,Swift,670795
1375172727,CSS,203815
1375172727,JavaScript,28667
1375172727,HTML,12500
1375172727,Shell,6472
1375172727,Python,4567
1378738225,Python,6533453
1378738225,C,256809
1378738225,HTML,243169
1378738225,JavaScript,76176
1378738225,Dockerfile,6592
1378738225,Shell,5239
1366774539,Objective-C,434108
1366774539,C,67913
1366774539,Go,58412
1366774539,Python,21865
1366774539,Shell,7588
1366774539,Objective-C++,5923
1366774539,Makefile,2780
1366774539,Logos,1258
1366774539,Swift,584
1410743393,TypeScript,112228
1410743393,CSS,5217
1410743393,HTML,297
1368737093,Clojure,600213
1368737093,Shell,5004
1375798631,Python,73034
1375798631,Batchfile,623
1375798631,Shell,346
1365889199,C++,2078804
1365889199,Python,125853
1365889199,JavaScript,111621
1365889199,PowerShell,47668
1365889199,Objective-C++,43958
1365889199,HTML,18737
1365889199,CMake,18200
1365889199,NSIS,12618
1365889199,Shell,10478
1375142045,JavaScript,145142
1375142045,HTML,18077
1375142045,Shell,777
1369653850,Objective-C,45828
1369653850,Python,18153
1369653850,Makefile,719
1369653850,C,352
1404127491,Kotlin,1974631
1378391625,JavaScript,299009
1378391625,HTML,37375
1378391625,CSS,24855
1375594818,JavaScript,1054192
1375594818,Swift,28464
1375594818,HTML,23625
1375594818,Python,11347
1375594818,CSS,10214
1375594818,Shell,3655
1385884737,Python,436101
1385884737,Shell,5113
1375755928,C++,4365802
1375755928,Python,217690
1375755928,CMake,90540
1375755928,Shell,84449
1375755928,Java,38614
1375755928,GLSL,19122
1375755928,CSS,16707
1375755928,HTML,13721
1375755928,Makefile,6540
1375755928,JavaScript,2559
1376858393,JavaScript,536597
1376858393,CSS,33608
1376858393,HTML,20771
1385340891,TypeScript,2153470
1385340891,CSS,549155
1385340891,JavaScript,10333
1389278567,Rust,5638650
1389278567,Python,251400
1389278567,WGSL,71547
1389278567,TypeScript,54772
1389278567,Shell,19983
1389278567,C++,15340
1389278567,CSS,13083
1389278567,HTML,13060
1389278567,PowerShell,8891
1389278567,CMake,4905
1389278567,Ruby,3474
1389278567,Makefile,2501
1389278567,Inno Setup,2480
1376996215,Python,112603
1395546904,C#,567264
1395546904,JavaScript,102082
1395546904,CSS,29257
1395546904,HTML,28330
1395546904,PowerShell,2280
1395546904,Dockerfile,1000
1365900752,Python,208078
1390867091,Python,68676
1371121344,TypeScript,434855
1371121344,JavaScript,120464
1371121344,HTML,989
1364880670,TypeScript,439917
1364880670,CSS,25615
1364880670,HTML,3105
1374730640,Python,12813
1374730640,Dockerfile,170
1378293154,Python,670680
1363568952,Rust,465777
1363568952,Python,48340
1363568952,JavaScript,13926
1363568952,CSS,8462
1363568952,HTML,3593
1384228920,Swift,257437
1384228920,Makefile,3264
1377960577,JavaScript,120928
1377960577,HTML,22861
1377960577,Python,16984
1377960577,Shell,4878
1376190948,Kotlin,5150749
1376190948,PowerShell,97693
1376190948,Shell,23750
1376190948,Python,10133
1376190948,Java,2674
1380116460,Python,322948
1380116460,HTML,55831
1393634228,Rust,1967384
1393634228,TypeScript,63811
1393634228,Shell,37017
1393634228,PLpgSQL,7134
1393634228,JavaScript,1417
1393634228,CSS,23
1375400473,Rust,1763248
1375400473,Python,11505
1375400473,Shell,7834
1386004688,TypeScript,1640765
1386004688,Python,1388814
1386004688,JavaScript,1003736
1386004688,CSS,43925
1386004688,Shell,23662
1386004688,PowerShell,2909
1386004688,HTML,2625
1386004688,C,1148
1374363973,TypeScript,70803
1374363973,CSS,6036
1374363973,HTML,3491
1373857399,HTML,277753
1373857399,JavaScript,23309
1373857399,CSS,3109
1373857399,Python,2000
1383161277,Python,535521
1383161277,Kotlin,370018
1383161277,Batchfile,1295
1383161277,Shell,294
1370241502,TypeScript,526046
1370241502,Python,15060
1370241502,MDX,14800
1370241502,CSS,13323
1397633052,Kotlin,4149284
1397633052,C,215120
1397633052,HTML,78646
1397633052,Python,5679
1397633052,Makefile,1115
1377397210,C++,1659936
1377397210,C,31295
1377397210,PowerShell,29588
1377397210,Lua,26023
1377397210,Python,22363
1377397210,CMake,18695
1377397210,JavaScript,11470
1377397210,Batchfile,9639
1377397210,Shell,5653
1363431253,Python,366864
1363431253,JavaScript,92669
1363431253,HTML,40324
1363431253,CSS,19089
1363431253,PowerShell,1797
1363431253,VBScript,506
1367927379,TypeScript,211870
1367927379,Python,61268
1367927379,Rust,5003
1367927379,CSS,3722
1367927379,JavaScript,2404
1367927379,Shell,2195
1367927379,HTML,357
1402345198,TypeScript,4344729
1402345198,JavaScript,66750
1402345198,Python,1046
1402345198,Shell,332
1382991317,Python,41255
1382991317,HTML,40823
1401644280,C,3546124
1401644280,HTML,335424
1401644280,Python,252078
1401644280,JavaScript,174749
1401644280,Shell,39374
1401644280,C++,16622
1401644280,Linker Script,2885
1401644280,Assembly,2743
1376787191,Dart,4422074
1376787191,Go,459954
1376787191,Kotlin,290535
1376787191,HTML,89480
1376787191,Python,59229
1376787191,JavaScript,56430
1376787191,PowerShell,46325
1376787191,C++,34167
1376787191,Inno Setup,30643
1376787191,CMake,12177
1376787191,Java,1980
1376787191,GLSL,735
1376787191,C,734
1372535054,JavaScript,1341494
1372535054,TypeScript,307913
1383354153,Python,5817554
1383354153,Shell,279970
1383354153,HTML,172737
1383354153,JavaScript,144138
1383354153,CSS,47018
1385997768,Python,19241
1385997768,TypeScript,5761
1385997768,Shell,320
1364007128,Shell,224696
1364007128,Python,167696
1364007128,HTML,4942
1364007128,Batchfile,58
1371218594,Python,6711936
1371218594,JavaScript,623853
1371218594,HTML,335289
1371218594,TypeScript,263614
1371218594,CSS,45249
1371218594,Rust,44367
1371218594,Shell,25624
1371218594,PowerShell,2620
1371218594,Batchfile,650
1373977947,Go,128593
1373977947,TypeScript,10074
1373977947,Shell,1759
1365210775,C#,3358933
1365210775,Python,20941
1365210775,Batchfile,421
1385832170,Rust,396433
1385832170,Python,22184
1385832170,QML,6013
1385832170,Shell,3148
1388455733,Java,545886
1388455733,Go,268149
1388455733,Python,53276
1388455733,Shell,28912
1388455733,Makefile,5664
1388455733,Dockerfile,2345
1408698842,JavaScript,436511
1408698842,CSS,98050
1408698842,HTML,910
1362887116,Python,37896
1402986945,C++,635977
1402986945,Python,535031
1402986945,JavaScript,85551
1402986945,CSS,27626
1402986945,HTML,25485
1402986945,Shell,13489
1402986945,CMake,5808
1402986945,C,5457
1398802900,Shell,152556
1398802900,Python,140232
1377189665,Swift,398103
1377189665,Shell,8037
1378921346,TypeScript,57022
1378921346,JavaScript,18006
1378921346,Shell,2618
1378921346,Kotlin,2224
1378921346,Swift,1232
1378921346,Ruby,1038
1378921346,Dockerfile,571
1376981836,Python,18929
1374039655,Python,70277241
1374039655,Cuda,1460120
1374039655,Shell,566627
1374039655,C++,513451
1374039655,Dockerfile,255819
1374039655,C,11712
1374039655,CMake,3508
1374039655,Jupyter Notebook,3434
1374039655,Makefile,1458
1374039655,CSS,210
1387036429,HTML,1119419
1387036429,Roff,530228
1387036429,JavaScript,419741
1387036429,Shell,211116
1387036429,Python,7015
1387036429,PowerShell,3300
1387036429,Batchfile,1225
1389305211,C,1587794
1389305211,Python,1063858
1389305211,Makefile,42946
1389305211,PowerShell,10222
1366954458,Python,726349
1366954458,HTML,346262
1366954458,JavaScript,37544
1399935626,C++,2518387
1399935626,Python,599172
1399935626,Objective-C++,429153
1399935626,Java,244855
1399935626,CMake,48405
1399935626,C,40730
1399935626,Shell,6870
1399935626,Objective-C,6456
1399935626,Batchfile,376
1408915941,C++,8473555
1408915941,Python,347262
1408915941,C,308857
1408915941,Shell,134493
1408915941,CMake,38161
1408915941,PowerShell,5569
1408915941,GLSL,2870
1408915941,Batchfile,1618
1395116154,Python,137492
1395116154,Shell,1160
1362589604,TypeScript,241221
1362589604,C#,207871
1362589604,JavaScript,141110
1362589604,ShaderLab,80492
1362589604,HLSL,13994
1362589604,CSS,5025
1362589604,Dockerfile,471
1374869789,Python,195176
1391356062,Python,27271
1391356062,JavaScript,9359
1391356062,HTML,1200
1387207256,C,1965140
1387207256,Java,453284
1387207256,C++,446361
1387207256,Shell,330171
1387207256,Python,16293
1387207256,Awk,5887
1387207256,Makefile,3731
1387207256,Assembly,3027
1393483237,HTML,102292
1393483237,CSS,45819
1393483237,JavaScript,23055
1393483237,Python,14456
1404547122,C,1526329
1404547122,HTML,585455
1404547122,Python,231825
1404547122,JavaScript,113393
1404547122,Shell,12295
1404547122,Assembly,2656
1404547122,Linker Script,2602
1404547122,PowerShell,1390
1404547122,Batchfile,523
1391717301,Python,32914716
1391717301,Shell,53102
1391717301,PowerShell,47782
1367270363,TypeScript,5119730
1367270363,JavaScript,29071
1367270363,HTML,25591
1367270363,Dockerfile,4153
1367270363,CSS,3734
1376610531,Python,293439
1376610531,Shell,360
1382409238,Rust,6357450
1382409238,Python,12726
1382409238,Shell,5338
1382409238,Swift,1708
1371405654,C++,14961452
1371405654,C,3889771
1371405654,Python,1549395
1371405654,Makefile,10719
1371405654,Shell,10441
1371405654,Assembly,3524
1371405654,Linker Script,2844
1387649779,Python,233383
1387649779,HTML,88691
1387649779,JavaScript,20641
1387649779,Dockerfile,1063
1386760015,Shell,57016
1386760015,PLpgSQL,31493
1386760015,HTML,9520
1386760015,JavaScript,2295
1386760015,Dockerfile,1561
1364178235,Python,453791
1364178235,Java,132454
1364178235,Vue,106892
1364178235,TypeScript,23764
1364178235,CSS,22810
1364178235,Makefile,5138
1364178235,Shell,3423
1364178235,Dockerfile,2898
1364178235,HTML,275
1379139682,Python,286927
1379139682,HTML,213125
1379139682,JavaScript,176845
1379139682,TypeScript,84093
1379139682,CSS,8212
1398982586,Python,19020
1398982586,HTML,8143
1386231117,TypeScript,64730
1386231117,JavaScript,559
1386231117,CSS,538
1383983311,Python,5856518
1383983311,HTML,5280
1383983311,Shell,1751
1365229008,Swift,43999
1365229008,Python,31005
1374967555,JavaScript,187828
1374967555,TypeScript,146298
1384000169,TypeScript,2268295
1384000169,Shell,53089
1384000169,HTML,7543
1384000169,CSS,5048
1384000169,JavaScript,4324
1384000169,Perl,2973
1384000169,PowerShell,1210
1400250107,Python,10281197
1400250107,Wolfram Language,3247642
1400250107,Julia,3193821
1400250107,M,347790
1400250107,C++,261953
1400250107,Shell,114933
1400250107,C,26826
1400250107,MAXScript,8269
1400250107,TeX,1961
1400250107,MATLAB,808
1400250107,Gnuplot,378
1407893845,TypeScript,5665981
1407893845,Python,804325
1407893845,Shell,106560
1407893845,CSS,25298
1407893845,JavaScript,2810
1407893845,Dockerfile,1134
1407893845,HTML,767
1377583987,Rust,11081349
1377583987,Shell,132876
1377583987,Python,84260
1377583987,CSS,82761
1377583987,JavaScript,17527
1377583987,HTML,15595
1377583987,C,1511
1368407470,PowerShell,156571
1368407470,C,137175
1368407470,Python,123902
1368407470,C++,2872
1370525592,TypeScript,192145
1370525592,CSS,6075
1370525592,MDX,1690
1370525592,JavaScript,72
1374829176,Python,47319
1378018272,Python,2473788
1378018272,Jupyter Notebook,1771509
1378018272,HTML,628487
1378018272,JavaScript,238731
1378018272,TypeScript,169929
1378018272,CSS,54729
1378018272,Shell,14099
1369462333,Python,352969
1369462333,Shell,1890
1364266923,Swift,383552
1364266923,Shell,9293
1364266923,Python,6419
1381307687,Kotlin,2815956
1381307687,C,994718
1381307687,HTML,43034
1381307687,C++,16382
1381307687,CSS,14145
1381307687,Java,13003
1381307687,Python,6414
1381307687,CMake,2708
1381307687,Shell,2458
1381307687,AIDL,91
1376284519,TypeScript,286323
1376284519,JavaScript,43999
1376284519,HTML,31867
1363827742,TypeScript,241740
1363827742,JavaScript,8859
1363827742,CSS,4414
1363827742,HTML,725
1363979998,Python,55326
1363979998,HTML,42798
1363979998,JavaScript,8769
1365063764,Python,550263
1365063764,Shell,253
1378110842,Python,718183
1378110842,HTML,42497
1378110842,JavaScript,24089
1376627816,Python,563064
1376627816,TypeScript,89665
1376627816,CSS,14309
1376627816,Makefile,1764
1376627816,HTML,466
1376627816,JavaScript,231
1376627816,Shell,57
1401486367,Fortran,89319727
1401486367,C++,8093131
1401486367,C,1012496
1401486367,Pascal,513094
1401486367,Perl,441456
1401486367,Python,404035
1401486367,CMake,380280
1401486367,Cuda,151677
1401486367,Shell,47364
1401486367,Fancy,33467
1401486367,Batchfile,20622
1401486367,Pawn,9727
1401486367,Makefile,2833
1401486367,Dockerfile,2586
1401486367,Raku,2013
1397049383,Python,128563
1367158545,Python,112344
1370760381,Python,43410
1370760381,HTML,13880
1370760381,PowerShell,5012
1408277479,TypeScript,1322411
1408277479,CSS,208627
1408277479,Shell,2041
1408277479,Dockerfile,584
1408277479,HTML,535
1401480940,TypeScript,2307647
1401480940,Python,297695
1401480940,SCSS,256698
1401480940,JavaScript,104906
1401480940,HTML,88353
1401480940,Shell,12091
1401480940,Swift,7841
1401480940,CSS,954
1369895386,Swift,423693
1369895386,Rust,33836
1369895386,Python,14605
1369895386,C,10227
1369895386,Shell,5515
1381675602,JavaScript,180927
1403805593,TypeScript,1236042
1403805593,JavaScript,725273
1403805593,HTML,486862
1403805593,CSS,190324
1396565186,Kotlin,2622098
1396565186,Python,14529
1396565186,Java,10490
1396565186,Shell,7726
1396565186,Go,2943
1396565186,Nix,2568
1379601713,Python,51698
1379601713,HTML,5568
1379601713,Shell,690
1364100151,C++,9498583
1364100151,C,3881000
1364100151,CMake,55822
1364100151,Shell,55429
1364100151,Python,44572
1364100151,Assembly,26752
1364100151,PowerShell,794
1364100151,Makefile,441
1376631227,Python,171831
1362658862,Python,3434815
1362658862,TypeScript,908642
1362658862,JavaScript,250372
1362658862,Rust,106082
1362658862,PowerShell,69415
1362658862,Shell,18999
1362658862,HTML,16506
1362658862,CSS,8585
1362658862,NSIS,5439
1362658862,Dockerfile,3452
1362658862,Batchfile,2060
1383380078,Python,3915533
1383380078,Java,683086
1383380078,C++,669119
1383380078,QML,638305
1383380078,Shell,254334
1383380078,C,249784
1383380078,Rust,78490
1383380078,CMake,22173
1383380078,Makefile,18829
1383380078,JavaScript,17234
1383380078,Less,10909
1383380078,Dockerfile,9014
1383380078,Roff,1240
1383380078,GLSL,955
1388982050,Rust,270688
1388982050,Python,120802
1388982050,Swift,88349
1388982050,Kotlin,53742
1388982050,HTML,50887
1388982050,Shell,27960
1377115777,Python,579526
1377115777,HTML,49405
1377115777,JavaScript,19292
1384201242,Python,3219265
1384201242,JavaScript,358699
1384201242,HTML,54024
1384201242,Shell,23652
1373441039,TypeScript,83611
1373441039,Rust,43089
1373441039,Python,22638
1373441039,CSS,6169
1373441039,JavaScript,1902
1373441039,HTML,394
1370147877,Python,918115
1365184661,Rust,1055396
1365184661,Python,132548
1365184661,PowerShell,22148
1370071127,Swift,4400571
1370071127,Rust,3485057
1370071127,JavaScript,780421
1370071127,Python,456712
1370071127,Objective-C,101987
1370071127,CSS,97876
1370071127,C,73047
1370071127,Perl,8882
1370071127,CMake,3652
1370071127,HTML,3620
1370071127,Ruby,2775
1370071127,Makefile,183
1377887555,Swift,606638
1377887555,C,18321
1377887555,Python,6174
1377887555,Shell,4140
1362294388,Java,520528
1362294388,Vue,191909
1362294388,TypeScript,39677
1362294388,Dockerfile,1508
1362294388,HTML,362
1362294388,Less,332
1388266462,Rust,562894
1388266462,TypeScript,208766
1388266462,Shell,24322
1388266462,PowerShell,10295
1388266462,CSS,8117
1388266462,Inno Setup,4769
1388266462,JavaScript,94
1388266462,HTML,53
1379572963,C++,373163
1379572963,C,44566
1379572963,CMake,18575
1392424843,C,2247448
1392424843,Python,768428
1392424843,C++,292993
1392424843,Shell,213007
1392424843,CMake,126779
1392424843,Objective-C++,121937
1392424843,Objective-C,63631
1392424843,PowerShell,3455
1377498061,Python,222224
1379298275,Python,665882
1379298275,JavaScript,7139
1379298275,Vue,3499
1379298275,CSS,2252
1379298275,Makefile,399
1384864244,PowerShell,20215
1384864244,Shell,17286
1384864244,Python,987
1406229181,Python,87012
1406229181,HTML,8509
1390721556,TypeScript,831671
1390721556,JavaScript,42530
1390721556,HTML,9346
1402287681,TypeScript,6079882
1402287681,Go,4157782
1402287681,JavaScript,597863
1402287681,HTML,239753
1402287681,Shell,222283
1402287681,CSS,140791
1402287681,Rust,52233
1402287681,Python,33882
1402287681,Swift,14471
1402287681,Makefile,6813
1402287681,Dockerfile,5557
1402287681,Ruby,1529
1389499291,Python,53404
1389499291,Dockerfile,1089
1389499291,Shell,952
1389499291,Makefile,601
1390893456,C++,64075
1390893456,Starlark,5635
1376969280,Go,192188
1378328067,TypeScript,247238
1378328067,CSS,20443
1378328067,JavaScript,1951
1378328067,HTML,419
1404241593,Swift,973859
1404241593,C,635356
1404241593,Shell,335701
1404241593,Rust,250444
1404241593,Python,48375
1404241593,Objective-C++,21515
1404241593,GLSL,17806
1404241593,Dockerfile,2199
1373761193,TypeScript,227057
1373761193,JavaScript,48483
1373761193,CSS,11935
1382304020,HTML,21698804
1382304020,JavaScript,85631
1382304020,Python,44700
1388115608,TypeScript,1253765
1388115608,HTML,18073
1388115608,JavaScript,1199
1366777601,Go,669393
1366777601,TypeScript,72236
1366777601,Shell,61479
1366777601,Python,38309
1366777601,C,35063
1366777601,HTML,22083
1366777601,Makefile,8740
1366777601,JavaScript,5830
1366777601,PowerShell,859
1369096078,TypeScript,692230
1369096078,JavaScript,12611
1369096078,HTML,2933
1369096078,C,2226
1369096078,Dockerfile,1296
1369096078,CSS,952
1376689816,TypeScript,4196122
1376689816,MDX,1976830
1376689816,Swift,1638593
1376689816,CSS,205207
1376689816,Metal,15438
1376689816,Shell,10527
1376689816,JavaScript,60
1367039502,TypeScript,3210524
1367039502,CSS,77417
1367039502,Python,15052
1367039502,Assembly,10322
1367039502,JavaScript,8896
1367039502,HTML,6768
1367039502,Shell,2350
1367039502,Dockerfile,570
1374933474,Rust,855107
1374933474,Python,159706
1374933474,TypeScript,78735
1374933474,Shell,11023
1374933474,JavaScript,3443
1370974333,Python,164314
1370974333,Shell,622
1373347608,Python,14955
1389169246,Python,152193
1389169246,Swift,2193
1389169246,Shell,1727
1378909326,Swift,1646565
1378909326,Python,190451
1378909326,HTML,21256
1378909326,Shell,13823
1378909326,JavaScript,7921
1375180713,Kotlin,1138859
1378840073,TypeScript,16850970
1378840073,JavaScript,1040180
1378840073,CSS,108018
1378840073,HTML,4933
1378840073,Shell,929
1368167244,Rust,4158406
1368167244,Python,320868
1368167244,JavaScript,309903
1368167244,HTML,171859
1368167244,PowerShell,169178
1368167244,TypeScript,126656
1368167244,CSS,88615
1368167244,Inno Setup,14586
1368167244,C#,3677
1382439708,Go,3733906
1382439708,JavaScript,356313
1382439708,Go Template,91689
1382439708,HTML,67412
1382439708,CSS,24122
1382439708,Makefile,14841
1382439708,Shell,5551
1362686421,Python,34939
1373914715,JavaScript,10750445
1373914715,Swift,832240
1373914715,TypeScript,547283
1373914715,Python,430540
1373914715,CSS,242592
1373914715,Shell,184274
1373914715,PowerShell,127770
1373914715,Ruby,42070
1373914715,HTML,21147
1373914715,Astro,17144
1367986547,HTML,855630
1367986547,Python,83239
1367986547,Shell,3023
1362678258,Verilog,1254662
1362678258,Python,627633
1362678258,Tcl,492590
1362678258,C,340048
1362678258,C++,283010
1362678258,VHDL,42944
1362678258,Batchfile,27214
1362678258,Assembly,7042
1362678258,Linker Script,5096
1362678258,Shell,2925
1362678258,PowerShell,1070
1404769156,TypeScript,673732
1404769156,Astro,90196
1404769156,JavaScript,58139
1404769156,CSS,5103
1404769156,Dockerfile,743
1403597414,TypeScript,1390763
1403597414,Shell,1456
1397840198,Shell,6894
1397840198,Python,4132
1402328864,Rust,8581230
1402328864,Shell,341899
1402328864,Python,83349
1402328864,JavaScript,21867
1402328864,Just,3244
1402328864,TypeScript,2775
1402328864,C,1121
1390509008,JavaScript,196131
1390509008,HTML,7129
1366865229,HTML,6666329
1366865229,C,296632
1366865229,C++,149604
1366865229,Python,115587
1366865229,JavaScript,35814
1366865229,TypeScript,12592
1366865229,Shell,6859
1366865229,CSS,3111
1366865229,Pascal,338
1385657279,Python,6235811
1385657279,HTML,2020053
1385657279,JavaScript,292366
1385657279,Rust,122356
1385657279,CSS,45066
1385657279,Jinja,36838
1385657279,Batchfile,417
1385657279,Shell,164
1388525805,C++,6833200
1388525805,C,132030
1388525805,CMake,27623
1388525805,Python,26698
1388525805,Shell,9496
1388525805,Dockerfile,3770
1388525805,Nix,2252
1374800096,TypeScript,415443
1374800096,CSS,41196
1374800096,HTML,18103
1374800096,Python,14511
1374800096,JavaScript,14456
1374800096,Shell,6597
1374800096,Dockerfile,948
1366840843,C++,61696
1366840843,C,4956
1366840843,CMake,1545
1406548400,Rust,1594460
1406548400,TypeScript,1512095
1406548400,Python,390825
1406548400,Shell,177006
1406548400,PLpgSQL,54432
1406548400,MDX,53816
1406548400,CSS,40619
1406548400,PowerShell,29790
1406548400,HTML,13524
1406548400,Swift,8739
1406548400,Dockerfile,5256
1406548400,C,1971
1406548400,Roff,1224
1406548400,Ruby,890
1389834150,Python,1334067
1389834150,C++,723579
1389834150,QML,239386
1389834150,C,172925
1389834150,Shell,146529
1389834150,JavaScript,19374
1389834150,Makefile,2749
1369881367,TypeScript,2978357
1369881367,JavaScript,2104086
1369881367,CSS,74557
1369881367,Python,10361
1369881367,PowerShell,1271
1369881367,HTML,1015
1387871388,C++,224242
1387871388,Verilog,187461
1387871388,C,78058
1387871388,JavaScript,65250
1387871388,Assembly,15133
1387871388,Tcl,11828
1387871388,HTML,10801
1387871388,CSS,9246
1387871388,Makefile,7155
1387871388,Shell,7064
1387871388,Python,4937
1387871388,Linker Script,2747
1373629346,Python,88739
1373629346,TypeScript,50307
1373629346,HTML,28242
1373629346,CSS,15566
1373629346,Shell,576
1390994799,Rust,6923334
1390994799,TypeScript,351764
1390994799,Python,290194
1390994799,C++,234506
1390994799,C,123919
1390994799,JavaScript,117717
1390994799,PowerShell,39171
1390994799,Shell,30918
1390994799,ChucK,21045
1390994799,Java,10172
1390994799,Assembly,2225
1367895578,TypeScript,47626827
1367895578,CSS,687284
1367895578,Python,522842
1367895578,JavaScript,466006
1367895578,C++,72030
1367895578,PowerShell,66691
1367895578,NSIS,48835
1367895578,C,26974
1367895578,HTML,25432
1367895578,Swift,22673
1367895578,Shell,17562
1367895578,Makefile,1059
1367895578,Batchfile,1024
1387780207,TypeScript,656928
1387780207,CSS,37560
1387780207,JavaScript,4537
1387780207,Dockerfile,3344
1387780207,HTML,1392
1387780207,Shell,910
1367145309,HTML,223964
1367145309,JavaScript,42867
1367145309,Python,2862
1367145309,CSS,144
1367145309,Batchfile,128
1388101598,Python,36656
1368837058,Python,19371
1364985464,TypeScript,988393
1364985464,CSS,21506
1364985464,JavaScript,10554
1364985464,HTML,515
1374307251,TypeScript,119084
1374307251,JavaScript,5891
1374307251,HTML,1608
1374307251,CSS,1079
1395798363,C++,1232023
1395798363,Linker Script,54103
1395798363,Makefile,6308
1395798363,Shell,5214
1395798363,C,1053
1375922101,Python,218442
1377868587,Python,868596
1377868587,JavaScript,257586
1377868587,CSS,43855
1377868587,HTML,9678
1377235029,C++,16947677
1377235029,Python,594782
1377235029,C,547305
1377235029,Java,381545
1377235029,CMake,76619
1377235029,Assembly,36523
1377235029,Pascal,21509
1377235029,Shell,19285
1377235029,Makefile,15201
1377235029,DIGITAL Command Language,3784
1377235029,Roff,3280
1377235029,SAS,1817
1377235029,Module Management System,1548
1385243682,Go,5450644
1385243682,JavaScript,161875
1385243682,Shell,24233
1385243682,Python,8694
1399525785,Kotlin,576342
1399525785,TypeScript,61124
1399525785,CSS,24150
1399525785,HTML,16548
1399525785,Swift,13819
1399525785,JavaScript,3592
1399525785,Shell,177
1376804059,Swift,102008
1376804059,TypeScript,11751
1376804059,Shell,4523
1376804059,Python,2376
1368225432,Python,409371
1368225432,Shell,128672
1368225432,Cuda,126697
1368225432,C++,17070
1368225432,Jinja,11410
1368225432,Dockerfile,10974
1391021834,TypeScript,2509680
1391021834,JavaScript,445446
1391021834,Python,319027
1391021834,HTML,2600
1391021834,Dockerfile,2587
1391021834,Makefile,1479
1383604528,TypeScript,1655186
1383604528,C#,50241
1383604528,Swift,44052
1383604528,CSS,17885
1383604528,JavaScript,2834
1383604528,Inno Setup,1602
1383604528,HTML,425
1391836763,HTML,8750384
1391836763,Python,40565
1391836763,JavaScript,9699
1388319882,Kotlin,1240645
1388319882,Shell,14641
1388319882,Python,9612
1388319882,C,5864
1388319882,Ruby,1570
1388319882,CMake,366
1404060253,C#,930019
1404060253,Python,18182
1376498495,Rust,2857808
1376498495,Swift,1401659
1376498495,Go,1121793
1376498495,TypeScript,762501
1376498495,MDX,140123
1376498495,Kotlin,38525
1376498495,JavaScript,17596
1376498495,CSS,7086
1376498495,PowerShell,6208
1376498495,Shell,6178
1376498495,Dockerfile,1388
1376498495,Ruby,995
1372551274,HTML,375067
1372551274,JavaScript,162718
1401115752,Python,239633
1401115752,C,9679
1387387974,JavaScript,75574
1387387974,Python,45688
1387387974,Shell,6846
1387387974,CSS,4334
1363172629,Python,188312
1377916761,JavaScript,25523
1377916761,TypeScript,6067
1391325969,C++,1108848
1391325969,Python,328987
1391325969,C,231969
1391325969,Shell,106987
1391325969,HIP,53129
1401942165,Go,3960203
1401942165,TypeScript,2524319
1401942165,PLpgSQL,79153
1401942165,JavaScript,75676
1401942165,HTML,63519
1401942165,CSS,43510
1401942165,Shell,34357
1401942165,Python,23969
1401942165,Dockerfile,1716
1401942165,Batchfile,1497
1368310092,Python,721186
1368310092,Shell,6091
1402656250,Python,225984
1387462962,JavaScript,1680626
1387462962,CSS,308889
1387462962,HTML,14982
1367625578,C++,1090119
1367625578,Python,112939
1367625578,C,112350
1367625578,JavaScript,71109
1367625578,HTML,67833
1367625578,Assembly,67694
1367625578,TypeScript,57426
1367625578,Shell,20285
1367625578,CSS,17334
1367625578,CMake,5050
1384018687,C,109133
1384018687,Python,108137
1384018687,C++,105016
1384018687,Shell,44397
1384018687,Assembly,11232
1384018687,CMake,1043
1387206451,JavaScript,368490
1387206451,TypeScript,73304
1387206451,Shell,345
1363523631,Python,102026
1363523631,TeX,57773
1403731980,JavaScript,487139
1403731980,HTML,33104
1403731980,Python,5851
1370271640,HTML,235871
1370271640,Python,235023
1370271640,Hack,42956
1383404287,C,9465574
1383404287,Makefile,3596288
1383404287,Shell,1252545
1383404287,Perl,400942
1383404287,ucode,365512
1383404287,Pascal,170170
1383404287,Python,103230
1383404287,Assembly,61606
1383404287,C++,51126
1383404287,M4,39442
1383404287,Yacc,15516
1383404287,Lex,10255
1383404287,CMake,5594
1383404287,Linker Script,5346
1383404287,Awk,2777
1380600226,Python,111876
1380600226,HTML,21965
1380600226,JavaScript,17823
1380600226,CSS,12312
1376682656,Rust,1608760
1376682656,Shell,621960
1376682656,Python,514342
1376682656,HTML,188567
1376682656,C,12755
1376682656,Go,10079
1376682656,Cuda,3873
1376682656,Ruby,2311
1376682656,C++,1570
1376032408,C++,1115049
1376032408,Python,822776
1376032408,Shell,374166
1376032408,JavaScript,217589
1376032408,C,213549
1376032408,PowerShell,37784
1376032408,HTML,29943
1376032408,CMake,16376
1376032408,Makefile,7715
1376032408,Linker Script,4757
1372105918,Python,143717
1372105918,C++,4808
1372105918,JavaScript,1171
1372105918,Makefile,365
1371263996,Python,291008
1371263996,Swift,125671
1371263996,Shell,11867
1378459509,Markdown,25643
1389023874,Python,2003738
1389023874,JavaScript,201832
1389023874,CSS,68568
1389023874,HTML,45240
1389023874,C#,25788
1389023874,PowerShell,4542
1389023874,Batchfile,1704
1389023874,C,1153
1396765235,C++,300024
1396765235,Python,215473
1396765235,CMake,2431
1396765235,Shell,1112
1406870811,HTML,827126
1406870811,Python,298688
1406870811,Smarty,9026
1406870811,Dockerfile,3834
1406870811,JavaScript,2697
1406870811,Shell,874
1376848968,Python,405355
1376848968,Shell,1155
1373457285,TypeScript,803608
1373457285,JavaScript,33793
1373457285,CSS,19281
1370660373,Go,5674657
1370660373,Python,123565
1370660373,Shell,105009
1370660373,PowerShell,23319
1370660373,Assembly,8679
1370660373,C++,4292
1370660373,Dockerfile,1087
1364181676,JavaScript,1790406
1364181676,TypeScript,1037604
1364181676,Shell,287
1364474631,Swift,68177
1364474631,Shell,8188
1402070894,Python,420314
1402070894,C,1595
1402070894,Cython,1190
1379046284,JavaScript,3088048
1379046284,CSS,247656
1379046284,HTML,70639
1386022760,Python,952315
1386022760,Shell,933235
1386022760,QML,198769
1386022760,C,94741
1386022760,TypeScript,79318
1386022760,JavaScript,7132
1386022760,Lua,5985
1386022760,Batchfile,1698
1386022760,Makefile,29
1396738941,JavaScript,76924
1396738941,CSS,8329
1396738941,HTML,4844
1405466823,Python,581952
1405466823,Cuda,10328
1405466823,C,6731
1405466823,JavaScript,5414
1405466823,Shell,2034
1405466823,Just,1208
1405466823,C++,977
1383184578,Python,1961436
1383184578,JavaScript,913990
1383184578,TypeScript,652284
1383184578,CSS,102368
1383184578,HTML,41781
1383184578,Batchfile,21688
1399076061,Python,631000
1399076061,TeX,3645
1373978991,TypeScript,49645
1367375031,GDScript,2216362
1367375031,C++,309272
1367375031,GDShader,195081
1367375031,C,11826
1367375031,Shell,6134
1367375031,Python,5646
1367375031,Batchfile,651
1388890796,C,46406
1388890796,Python,24799
1388890796,HTML,16172
1388890796,Makefile,813
1406514405,TypeScript,458730
1406514405,CSS,44985
1406514405,Swift,28939
1406514405,JavaScript,21558
1406514405,WGSL,4973
1406514405,HTML,1128
1386442796,Java,7608022
1386442796,Kotlin,4170505
1386442796,PowerShell,1291575
1386442796,Python,71363
1372643178,Go,198498
1372643178,Shell,4805
1372643178,Makefile,1476
1372643178,Ruby,1228
1372152799,Rust,431534
1372152799,Shell,4897
1372152799,Makefile,2163
1372152799,Ruby,1449
1398168692,TypeScript,1212527
1398168692,MDX,135844
1398168692,JavaScript,19419
1398168692,CSS,13126
1405707774,TypeScript,318962
1405707774,Objective-C++,90513
1405707774,Kotlin,82812
1405707774,Objective-C,10351
1405707774,JavaScript,2588
1405707774,C++,2006
1405707774,CMake,1098
1405707774,Ruby,746
1367142218,Python,189904
1375815381,Python,141331
1375815381,HTML,9680
1375815381,Shell,2230
1367831669,Swift,225760
1367831669,Shell,7187
1367831669,Python,1184
1382368064,JavaScript,4745
1382368064,Python,2190
1382368064,HTML,249
1389957928,JavaScript,433643
1389957928,CSS,65498
1389957928,HTML,19257
1389957928,Shell,1369
1409792187,TypeScript,70250
1409792187,CSS,33106
1388379794,C#,9941488
1388379794,C,1225288
1388379794,C++,929080
1388379794,GLSL,123169
1388379794,HLSL,82195
1388379794,Rich Text Format,45920
1388379794,Python,10975
1388379794,Lua,7270
1388379794,Shell,2882
1388379794,PowerShell,68
1388379794,Batchfile,28
1388317348,C,10863590
1388317348,Python,423105
1388317348,C++,390329
1388317348,Shell,31574
1388317348,Makefile,14178
1388317348,PowerShell,11620
1388317348,CMake,10873
1388317348,Batchfile,6699
1388317348,Dockerfile,499
1388317348,PHP,361
1388317348,Linker Script,355
1410733155,JavaScript,222981
1410733155,HTML,85
1363966915,Java,14997568
1363966915,Shell,857363
1363966915,Python,709067
1363966915,Batchfile,6174
1363966915,Scala,485
1396804486,Python,4371692
1396804486,JavaScript,713376
1396804486,CSS,100550
1396804486,TypeScript,56819
1396804486,HTML,8307
1396804486,Dockerfile,870
1373520140,TypeScript,230463
1373520140,JavaScript,15583
1373520140,CSS,8230
1373520140,Shell,2439
1373520140,HTML,162
1367204030,TypeScript,115772
1367204030,JavaScript,4188
1367732619,Swift,1031592
1367732619,Shell,10814
1375784018,TypeScript,107899
1386381759,TypeScript,473968
1386381759,CSS,4031
1386381759,HTML,665
1363837952,Go,3273
1378321858,Python,139771
1407464278,TypeScript,4669731
1407464278,JavaScript,769113
1407464278,Shell,60258
1407464278,CSS,59303
1407464278,HTML,55301
1407464278,Python,29266
1407464278,PLpgSQL,27933
1407464278,Dockerfile,646
1364681794,Swift,301862
1364681794,Shell,3251
1383937741,Python,104012
1369799711,Python,23738
1369799711,C++,3491
1397409589,Elixir,42976553
1397409589,TypeScript,22314282
1397409589,Lean,4036296
1397409589,Go,3806935
1397409589,Swift,1671912
1397409589,CSS,950439
1397409589,JavaScript,534763
1397409589,Python,216464
1397409589,Svelte,195867
1397409589,TLA,179485
1397409589,Shell,148539
1397409589,C,91561
1397409589,Objective-C++,80277
1397409589,HTML,38948
1397409589,Dockerfile,23321
1397409589,Makefile,10587
1397409589,CMake,6364
1397409589,HCL,6138
1397409589,PLpgSQL,5604
1397409589,Rust,4367
1397409589,Erlang,4065
1397409589,Go Template,1196
1392498636,Python,325352
1392498636,Batchfile,1366
1392498636,Shell,1365
1370507931,PowerShell,15818
1375286981,JavaScript,6423
1370124649,Swift,42050
1370124649,Shell,5925
1370124649,C,746
1381229689,Python,178164
1381229689,TypeScript,56831
1381229689,Shell,3423
1381229689,CSS,1978
1381229689,Ruby,981
1381229689,HTML,894
1381229689,Batchfile,78
1380693831,TypeScript,8374274
1380693831,JavaScript,89399
1380693831,HTML,41178
1380693831,CSS,38309
1362874559,Go,571473
1362874559,Shell,3264
1362874559,PowerShell,2662
1362874559,Makefile,589
1364319463,Kotlin,40331
1385139201,TypeScript,257358
1385139201,JavaScript,103538
1385139201,CSS,47746
1385139201,HTML,43221
1385139201,Python,3349
1384244575,TypeScript,34531207
1384244575,HTML,4805818
1384244575,C#,910717
1384244575,JavaScript,700470
1384244575,Python,246057
1384244575,CSS,103066
1384244575,Shell,44034
1384244575,PowerShell,43969
1384244575,NSIS,21624
1384244575,CMake,6215
1384244575,Swift,2976
1384244575,Dockerfile,773
1363837212,Python,1852135
1363837212,Shell,180418
1408250760,Python,14407238
1408250760,C++,481444
1408250760,HTML,129503
1408250760,JavaScript,56696
1408250760,Shell,40090
1408250760,CSS,24742
1408250760,PowerShell,7331
1408250760,CMake,619
1408250760,Batchfile,407
1365569181,Python,839758
1365569181,Shell,83644
1365569181,C++,18942
1365569181,Dockerfile,2383
1374169006,Java,316966
1374169006,JavaScript,88935
1374169006,CSS,22884
1374169006,HTML,17434
1374169006,Python,3326
1374169006,Shell,1883
1376070655,HTML,2006993
1376070655,Python,20977
1376070655,Shell,15203
1376070655,Dockerfile,4212
1372222981,C++,5527784
1372222981,Python,455432
1372222981,CMake,47061
1372222981,PowerShell,22247
1372222981,Batchfile,10190
1372222981,Shell,3308
1372222981,C,163
1399868919,HTML,93117
1399868919,CSS,72538
1399868919,JavaScript,70533
1394675848,Jupyter Notebook,20492942
1394675848,Python,142918
1394334356,Shell,66835
1394334356,Python,57129
1377014744,Python,174150
1377014744,JavaScript,19787
1377014744,CSS,12481
1377014744,HTML,11271
1377007152,Rust,41011
1377007152,Python,11917
1377007152,Shell,169
1386707721,Python,342206
1386707721,Shell,461
1373869741,TypeScript,1101912
1373869741,CSS,13185
1373869741,JavaScript,1041
1404880548,TypeScript,764137
1364635673,TypeScript,3540030
1364635673,JavaScript,225
1366100077,Python,120893
1366100077,C++,4968
1374676481,JavaScript,406690
1374676481,CSS,28724
1374676481,HTML,8598
1385018726,C++,876839
1385018726,Python,123778
1385018726,C,13580
1385018726,Shell,13357
1385018726,GLSL,10457
1385018726,Lua,3390
1385018726,Makefile,2795
1385018726,Nix,2688
1385018726,Meson,1537
1385018726,CMake,1322
1390888791,C++,6553737
1390888791,Python,209887
1390888791,CMake,144815
1390888791,C,924
1390888791,Makefile,823
1390888791,GLSL,524
1365581696,Python,384844
1383228741,Python,98557
1383228741,JavaScript,19237
1383228741,CSS,14145
1383228741,HTML,9335
1383228741,PowerShell,2171
1383228741,Shell,1908
1383228741,Batchfile,279
1387365303,Python,56225
1387365303,Shell,971
1403822558,Rust,493638
1403822558,WGSL,7519
1403822558,Nix,2256
1403822558,Shell,1331
1374032402,Python,53877379
1374032402,TypeScript,15620835
1374032402,Rust,2582720
1374032402,JavaScript,606675
1374032402,CSS,74443
1374032402,Swift,62371
1374032402,Shell,37205
1374032402,HTML,13566
1374032402,Makefile,6143
1374032402,AppleScript,2506
1374032402,Mermaid,1112
1395843862,Swift,7190774
1395843862,Python,1442419
1395843862,TypeScript,928096
1395843862,Metal,185554
1395843862,Shell,127858
1395843862,JavaScript,39007
1395843862,C++,29964
1395843862,HTML,14298
1395843862,CSS,6903
1395843862,Ruby,873
1374652607,JavaScript,22217
1374652607,CSS,13373
1374652607,HTML,7644
1375984686,Go,1096191
1375984686,Vue,874151
1375984686,TypeScript,470207
1375984686,JavaScript,109233
1375984686,Python,28207
1375984686,HTML,11320
1375984686,Shell,872
1410719150,Python,55863
1410719150,Dockerfile,1662
1390886722,TypeScript,187338
1390886722,JavaScript,12129
1390886722,Python,4259
1390886722,Shell,489
1404347821,C++,12533311
1404347821,Cuda,6102548
1404347821,Python,1598428
1404347821,PowerShell,263747
1404347821,CMake,137679
1404347821,Shell,124077
1404347821,HTML,48216
1404347821,Jinja,46485
1404347821,Batchfile,39271
1404347821,JavaScript,19315
1404347821,Nix,13712
1404347821,Dockerfile,3082
1391197420,TypeScript,450536
1391197420,JavaScript,60659
1391197420,Vue,52849
1391197420,CSS,24940
1391197420,Just,2681
1391197420,HTML,397
1366916225,Swift,547194
1366916225,Shell,6607
1366916225,Python,6538
1402049780,Swift,270071
1402049780,Shell,1634
1376771236,Python,330216
1376771236,Batchfile,134
1363721682,TypeScript,962835
1363721682,CSS,17620
1363721682,JavaScript,759
1377121729,Python,1182722
1377121729,JavaScript,304314
1377121729,Vue,117089
1377121729,CSS,87814
1377121729,HTML,11630
1377121729,Shell,992
1377121729,Dockerfile,674
1377121729,Batchfile,602
1378861656,HTML,224517
1378861656,Python,50585
1388097438,Shell,916922
1388097438,Python,492354
1388097438,Nix,1727
1388097438,C,1152
1363273975,Kotlin,309801
1363273975,Java,9619
1363273975,Shell,1623
1403175431,C++,29603358
1403175431,C,445907
1403175431,JavaScript,314289
1403175431,CMake,147574
1403175431,Shell,123852
1403175431,PowerShell,100156
1403175431,Java,96885
1403175431,Python,27466
1403175431,GLSL,10001
1403175431,Nix,6597
1403175431,Assembly,3304
1403175431,Objective-C++,1952
1403175431,ImHex Pattern Language,1371
1403175431,Batchfile,544
1375014533,TypeScript,819246
1375014533,Python,153712
1375014533,JavaScript,76871
1375014533,Shell,3159
1386191888,Python,6820998
1386191888,TypeScript,1089800
1386191888,JavaScript,10622
1386191888,CSS,4695
1386191888,Shell,4656
1386191888,Makefile,3971
1386191888,Dockerfile,3917
1386191888,HTML,196
1374027945,Python,11478
1374081954,TypeScript,2288955
1374081954,CSS,45224
1374081954,JavaScript,13016
1365632242,Python,1328813
1365632242,TypeScript,768611
1365632242,JavaScript,14362
1365632242,WGSL,10349
1365632242,Astro,10281
1365632242,HTML,6702
1365632242,Shell,3477
1365632242,CSS,745
1366190543,JavaScript,1451315
1366190543,HTML,26303
1366190543,CSS,18430
1408465539,Python,1487740
1408465539,C#,115990
1408465539,C,56852
1408465539,Rust,15368
1408465539,Batchfile,13228
1408465539,Shell,10131
1408465539,CSS,9067
1408465539,JavaScript,1891
1379021919,Python,569868
1379021919,Shell,2505
1379021919,Swift,2148
1362818542,Python,941687
1363383036,Python,4813162
1363383036,Shell,106252
1393055422,Python,6977002
1393055422,JavaScript,2444432
1393055422,HTML,330705
1393055422,CSS,155846
1393055422,PowerShell,9914
1393055422,Shell,2189
1393055422,Batchfile,2127
1383533312,Python,81293
1383533312,Batchfile,1766
1380729698,TypeScript,1933897
1380729698,Svelte,420453
1380729698,JavaScript,239894
1380729698,CSS,2250
1380729698,HTML,333
1390907723,C,13534144
1390907723,C++,12296539
1390907723,CMake,120846
1390907723,Python,98663
1390907723,Linker Script,44815
1390907723,GLSL,13299
1390907723,Shell,10769
1390907723,HLSL,6177
1390907723,PowerShell,6058
1390907723,Batchfile,4560
1390907723,Pawn,1111
1390907723,SourcePawn,967
1377644325,Python,237676
1377644325,JavaScript,6630
1377644325,CSS,1618
1377644325,HTML,1448
1384702527,TypeScript,555089
1384702527,HTML,84814
1384702527,PowerShell,11117
1384702527,Shell,9474
1384702527,Batchfile,2229
1398852225,TypeScript,7449888
1398852225,JavaScript,737140
1398852225,CSS,377195
1398852225,HTML,304025
1398852225,Python,8495
1398852225,Shell,4831
1398852225,Liquid,3065
1371661280,HTML,28840
1388872690,Python,507639
1388872690,JavaScript,70904
1388872690,TeX,42212
1388872690,Shell,34094
1388872690,BibTeX Style,26972
1388872690,HTML,7206
1373885499,JavaScript,433378
1373885499,HTML,16615
1373885499,CSS,12598
1373885499,Python,2987
1373885499,Shell,89
1379023782,Go,8632250
1379023782,TypeScript,2833543
1379023782,Python,1399378
1379023782,JavaScript,417034
1379023782,CSS,185512
1379023782,Vue,81149
1379023782,PLpgSQL,59097
1379023782,Shell,44574
1379023782,PowerShell,12456
1379023782,Makefile,10218
1379023782,Dockerfile,6050
1379023782,HTML,1661
1370685220,Rust,3203754
1370685220,PowerShell,43821
1370685220,Python,18471
1370685220,Inno Setup,2457
1388819075,TypeScript,537142
1388819075,CSS,80795
1388819075,JavaScript,16125
1388819075,HTML,2517
1375913138,Python,88226
1375913138,Jinja,396
1385766179,Python,1128281
1385766179,Batchfile,3518
1385766179,Shell,2360
1385766179,Dockerfile,449
1362178604,Rust,4870872
1362178604,C++,565403
1362178604,HTML,384470
1362178604,Python,266359
1362178604,Shell,253253
1362178604,Cuda,81046
1362178604,Objective-C++,68706
1362178604,C,61403
1362178604,CSS,17088
1362178604,Emacs Lisp,12624
1362178604,MLIR,5157
1362178604,TypeScript,1405
1362178604,Handlebars,590
1366971725,JavaScript,1725369
1366971725,Python,219216
1366971725,HTML,7917
1366971725,Shell,7448
1366971725,TypeScript,5054
1390752953,C++,132950
1390752953,Python,103732
1390752953,JavaScript,38661
1390752953,CSS,11386
1390752953,HTML,9080
1390752953,Shell,8774
1390752953,Dockerfile,2744
1390752953,Just,1852
1390752953,C,677
1406529981,HTML,800239
1406529981,JavaScript,108845
1406529981,Python,3667
1406529981,Shell,1577
1378480598,Shell,1313373
1378480598,JavaScript,776044
1370384881,Python,909626
1370384881,HTML,113013
1370384881,Shell,2245
1387029950,C,47570
1387029950,Java,18087
1387029950,Assembly,12633
1387029950,Makefile,3837
1387029950,CMake,2076
1394628211,JavaScript,47503
1394628211,Python,20066
1394628211,PowerShell,1564
1394628211,Batchfile,1333
1394628211,VBScript,868
1404625146,Python,70129
1392998910,JavaScript,25287
1410177931,Go,3331681
1410177931,TypeScript,2087641
1410177931,PLpgSQL,79119
1410177931,Shell,30436
1410177931,JavaScript,29919
1410177931,Python,23968
1410177931,CSS,19546
1410177931,Dockerfile,2584
1410177931,Batchfile,1653
1384170316,Python,394505
1384170316,TypeScript,158536
1384170316,JavaScript,2283
1384170316,Dockerfile,1476
1384170316,CSS,618
1363141162,Python,763401
1363141162,Dockerfile,2077
1365340191,Python,327047
1365340191,JavaScript,94573
1404878233,Python,741080
1374412145,Python,551483
1374412145,Batchfile,2868
1374412145,JavaScript,2149
1392448292,TypeScript,1073529
1392448292,JavaScript,243255
1392448292,CSS,99277
1392448292,Swift,31428
1392448292,HTML,5919
1368569221,Python,1677797
1368569221,JavaScript,706565
1368569221,TypeScript,137894
1368569221,Shell,10430
1377593998,JavaScript,214243
1377593998,HTML,47308
1367914205,Python,203373
1367914205,Shell,84734
1367914205,HTML,69009
1388244377,TypeScript,1579249
1388244377,Astro,64722
1388244377,CSS,27937
1388244377,JavaScript,13054
1388244377,Nix,3371
1388244377,Python,1532
1388244377,Shell,751
1388244377,HTML,689
1374733369,TypeScript,222095
1374733369,CSS,21309
1374733369,Dockerfile,182
1386811131,JavaScript,2279
1381593506,Swift,358575
1381593506,Nix,14886
1381593506,Shell,13031
1381593506,TypeScript,1111
1381593506,Ruby,613
1391049410,TypeScript,923512
1391049410,JavaScript,917616
1391049410,Python,565077
1391049410,CSS,25386
1391049410,Shell,345
1398204177,Python,107449
1398204177,TypeScript,22818
1398204177,Shell,1363
1398204177,JavaScript,113
1391631703,Shell,32399
1391631703,C,286
1378178382,Python,1611478
1378178382,JavaScript,13972
1378178382,Shell,11058
1378178382,HTML,11053
1373145136,Python,93107
1373145136,HTML,89723
1386443423,C++,97581049
1386443423,CMake,13911
1386443423,GLSL,6759
1386443423,Shell,4923
1386443423,Dockerfile,3123
1386443423,Batchfile,2081
1386443423,Java,1714
1386443423,PowerShell,422
1365813599,Python,7493
1365813599,Batchfile,168
1375186288,JavaScript,2026486
1375186288,HTML,26563
1375186288,PowerShell,9542
1375186288,Python,5180
1398737109,HTML,39817
1362275185,TypeScript,10484715
1362275185,HTML,317904
1362275185,CSS,103765
1362275185,Python,46511
1362275185,C,17497
1362275185,Shell,4964
1408673153,C++,397516
1408673153,HTML,25350
1408673153,Shell,7729
1408673153,Python,7680
1408673153,CMake,3936
1405917790,Python,754678
1369985977,TypeScript,1526273
1369985977,JavaScript,388736
1369985977,CSS,202286
1369985977,Rust,87169
1369985977,HTML,27806
1369985977,Objective-C,7024
1369985977,PowerShell,3022
1369985977,Shell,1913
1369985977,Swift,1030
1369985977,C,925
1369985977,Batchfile,93
1368475153,TypeScript,678350
1368475153,JavaScript,44423
1368475153,Python,42304
1368475153,CSS,19688
1368475153,HTML,1680
1377401228,Python,161602
1377401228,JavaScript,45332
1377401228,CSS,14743
1377401228,HTML,6738
1377401228,Dockerfile,703
1406818542,Python,114692
1406818542,Dockerfile,770
1405712358,JavaScript,727885
1405712358,HTML,55328
1405712358,CSS,13987
1405712358,Dockerfile,497
1380664579,Python,82652
1380664579,Batchfile,3605
1380664579,Shell,1602
1380406377,Python,83790
1380406377,Batchfile,3607
1380406377,Shell,1604
1380224948,Python,23710
1367883905,TypeScript,8692340
1367883905,JavaScript,150127
1367883905,CSS,143708
1367883905,HTML,9668
1367883905,PowerShell,3651
1367883905,Batchfile,91
1367883905,Shell,72
1367446577,HTML,35842856
1365227404,Kotlin,91129
1365227404,AIDL,289
1389512019,Python,5007250
1389512019,JavaScript,216733
1389512019,HTML,79308
1389512019,CSS,15276
1377680623,Python,61671
1377680623,CSS,21618
1377680623,JavaScript,19968
1377680623,HTML,16459
1376201850,JavaScript,100397
1376201850,Astro,61668
1376201850,TypeScript,49898
1376201850,CSS,44416
1376201850,Shell,1824
1403703149,TypeScript,111594
1403703149,JavaScript,2577
1403703149,Kotlin,1958
1393711800,JavaScript,3637890
1393711800,Python,1194963
1393711800,CSS,157176
1393711800,HTML,18333
1393711800,Shell,1875
1393711800,Swift,928
1405934709,Python,52
1378037330,Rust,312668
1378037330,HTML,20214
1378037330,Nix,12135
1378037330,Shell,249
1371331200,JavaScript,636664
1371331200,C#,109707
1371331200,CSS,20901
1371331200,HTML,13532
1371331200,Batchfile,3657
1377956199,Python,757576
1377956199,Shell,632
1363975719,HTML,48190
1363975719,Python,21436
1363739656,TypeScript,2093752
1363739656,JavaScript,1241397
1363739656,HTML,90922
1363739656,PowerShell,78785
1363739656,CSS,49549
1363739656,Python,25613
1363739656,NSIS,2403
1364648857,Python,1710468
1364648857,HTML,165189
1364648857,Dockerfile,3262
1364648857,JavaScript,3230
1364648857,Procfile,50
1403705886,C++,722411
1403705886,Python,278353
1403705886,C,43572
1403705886,CMake,34857
1403705886,Shell,34070
1403705886,JavaScript,10156
1403705886,HTML,6916
1403705886,PowerShell,4356
1403705886,Batchfile,1344
1380667339,Python,82597
1380667339,Batchfile,3608
1380667339,Shell,1605
1377358030,Go,1707887
1377358030,Python,171413
1377358030,JavaScript,170273
1377358030,Shell,44063
1377358030,Makefile,7047
1377358030,CSS,6087
1377358030,Dockerfile,2197
1377358030,Just,1759
1377358030,Go Template,416
1377358030,HTML,344
1405785578,Python,123954
1405785578,JavaScript,34363
1405785578,HTML,13668
1375105805,TypeScript,148830
1375105805,JavaScript,39541
1375105805,Shell,13496
1367109038,Java,124849
1367109038,GLSL,13000
1367109038,AIDL,595
1364269955,C++,4002047
1364269955,C,2069249
1364269955,Kotlin,174692
1364269955,CMake,126766
1364269955,Java,111372
1364269955,Shell,15724
1364269955,Python,3930
1368800709,JavaScript,59260
1399526385,Python,308479
1399526385,C++,281528
1399526385,Cuda,45111
1399526385,Shell,30304
1399526385,Dockerfile,2142
1399526385,C,587
1383309982,Python,2080268
1383309982,JavaScript,193787
1383309982,Rust,161416
1383309982,CSS,38012
1383309982,HTML,32742
1383309982,PLpgSQL,32250
1383309982,Dockerfile,2336
1383309982,Shell,1821
1383309982,PowerShell,465
1397885809,Python,375815
1397885809,Shell,1707
1399045273,Swift,1190095
1399045273,Python,64818
1399045273,Shell,63459
1399045273,JavaScript,18382
1399045273,HTML,1731
1366533219,Go,997563
1366533219,HTML,52950
1366533219,CSS,52586
1366533219,JavaScript,6456
1366533219,Dockerfile,2027
1366533219,Shell,1655
1366533219,Makefile,495
1374317124,Python,480685
1369809067,C,623001
1369809067,C++,362515
1369809067,Python,295763
1369809067,JavaScript,247340
1369809067,Objective-C,16520
1369809067,Shell,7304
1369809067,Makefile,6442
1369809067,Swift,3653
1381704972,Swift,1356886
1381704972,HTML,830336
1381704972,Python,49535
1381704972,JavaScript,23821
1381704972,Metal,12993
1381704972,Shell,11096
1368236059,C++,29821534
1368236059,C,6763810
1368236059,Assembly,570963
1368236059,Makefile,399335
1368236059,CMake,180053
1368236059,Pawn,179506
1368236059,Python,170949
1368236059,M4,85537
1368236059,Lua,60276
1368236059,HLSL,54916
1368236059,GLSL,44856
1368236059,Roff,40053
1368236059,Shell,33392
1368236059,C#,32871
1368236059,Batchfile,6662
1368236059,Perl,4623
1368236059,Dockerfile,3656
1368236059,HTML,1374
1368236059,GDB,56
1378426032,Zig,13667850
1378426032,C++,1429185
1378426032,Shell,1206312
1378426032,Python,415801
1378426032,HTML,134982
1378426032,Metal,56875
1378426032,Jinja,51651
1378426032,JavaScript,25882
1378426032,C,1858
1378426032,Ruby,919
1378426032,Objective-C,636
1377280043,Rust,535503
1377280043,TypeScript,442487
1377280043,CSS,126723
1377280043,PowerShell,7519
1377280043,NSIS,6035
1377280043,JavaScript,2265
1377280043,HTML,2060
1376695565,Python,91797
1376695565,CSS,23664
1376695565,HTML,18544
1376695565,JavaScript,7475
1376695565,TeX,339
1390878120,Rust,680675
1390878120,Python,404790
1390878120,JavaScript,5916
1390878120,TypeScript,3781
1390878120,HTML,2395
1390878120,Vue,1209
1390878120,CSS,352
1388278978,JavaScript,99467
1388278978,QML,76064
1388278978,Shell,1879
1363683267,TypeScript,5780762
1363683267,JavaScript,174804
1363683267,CSS,54986
1363683267,Objective-C++,35574
1363683267,Python,1453
1363683267,HTML,1103
1400823429,JavaScript,325462
1400823429,TypeScript,208236
1400823429,C#,17473
1400823429,HTML,16637
1400823429,PowerShell,12653
1400823429,NSIS,320
1378688797,JavaScript,85797
1378688797,Python,59012
1378688797,HTML,43033
1378688797,CSS,26206
1386215713,Python,151801
1386215713,JavaScript,14023
1386215713,CSS,8424
1386215713,HTML,3135
1386215713,Shell,1947
1372038548,Python,199501
1372038548,TypeScript,275
1369710615,Python,34599
1363443069,Python,21988
1378813039,Python,12330
1375175234,C++,34695898
1375175234,Python,1074402
1375175234,PowerShell,202522
1375175234,Lua,148457
1375175234,Shell,34300
1375175234,JavaScript,8750
1375175234,C,6026
1375175234,Batchfile,4948
1375175234,Assembly,3093
1375175234,Java,1828
1375175234,Nix,583
1375175234,CMake,364
1362617876,JavaScript,138466
1362617876,Python,22519
1362617876,Shell,6784
1395459827,Python,218088
1395459827,Shell,5313
1364748789,Python,2212585
1364748789,TypeScript,315590
1364748789,SCSS,38919
1364748789,Dockerfile,1736
1364748789,HTML,368
1364748789,JavaScript,345
1368857095,JavaScript,77231
1368857095,Shell,29249
1368857095,TypeScript,12628
1368857095,Python,9583
1369965040,C#,1185831
1369965040,PowerShell,755211
1369965040,Python,97729
1369965040,Batchfile,1300
1372555324,Rust,12766032
1372555324,TeX,4851779
1372555324,Python,895402
1372555324,Lua,248789
1372555324,BibTeX Style,172548
1372555324,Shell,92701
1372555324,PowerShell,37913
1372555324,C,37036
1372555324,JavaScript,15230
1372555324,Perl,4091
1372555324,Inno Setup,2826
1372555324,Batchfile,1432
1372555324,Ruby,1232
1374431113,Python,750609
1374431113,Shell,37761
1373301457,Python,179556
1373301457,HTML,27955
1362261456,Shell,7138
1362261456,Python,607
1387771467,Python,814650
1387771467,HTML,81613
1387771467,TeX,38518
1387771467,Shell,1543
1387771467,Dockerfile,497
1372400287,Python,152759
1374996830,Python,255575
1409100019,Python,28846
1407997858,C++,3823722
1407997858,Cuda,1588696
1407997858,Python,1027064
1407997858,C,261990
1407997858,JavaScript,115472
1407997858,CMake,63260
1407997858,CSS,49240
1407997858,HTML,25204
1407997858,Jinja,9993
1407997858,Shell,5908
1407997858,Batchfile,1954
1384497334,Rust,8994050
1384497334,WGSL,63543
1384497334,Metal,50263
1384497334,HLSL,50231
1384497334,Python,25873
1384497334,TypeScript,21554
1384497334,JavaScript,15967
1384497334,HTML,8717
1379986944,Python,3091801
1379986944,TypeScript,1153414
1379986944,JavaScript,93429
1379986944,CSS,29106
1379986944,HTML,12330
1379986944,Shell,4102
1379986944,Dockerfile,291
1375983513,Swift,68380
1375983513,Shell,3238
1375983513,Makefile,1446
1369718381,Python,717722
1369718381,JavaScript,82821
1369718381,Shell,6556
1369718381,CSS,3455
1374451836,C,11366757
1374451836,JavaScript,540410
1374451836,C++,283010
1374451836,Python,28015
1374451836,Shell,11020
1374451836,Makefile,9082
1374451836,CSS,8618
1374451836,Assembly,680
1374451836,HTML,606
1373245477,HTML,9779313
1373245477,TypeScript,1494882
1373245477,JavaScript,148689
1373245477,Shell,43895
1373245477,CSS,16813
1373245477,Dockerfile,1967
1389323262,HTML,485053
1389323262,JavaScript,389843
1372839573,TypeScript,132503036
1372839573,JavaScript,1212086
1372839573,PLpgSQL,872565
1372839573,Shell,240144
1372839573,CSS,209518
1372839573,Rust,88074
1372839573,Swift,67912
1372839573,HTML,61154
1372839573,Dockerfile,54440
1372839573,Python,45798
1372839573,Kotlin,44850
1372839573,Objective-C,3006
1372839573,ANTLR,2061
1372839573,Ruby,1715
1388591266,Python,45060
1400104434,JavaScript,309291
1400104434,Shell,26080
1400104434,PowerShell,21713
1400104434,Batchfile,418
1398391193,TypeScript,378368
1398391193,Shell,42783
1398391193,PowerShell,4736
1398391193,Batchfile,2650
1378054924,TypeScript,46261
1378054924,CSS,10640
1378054924,HTML,610
1368510458,Assembly,1125846
1368510458,C,779216
1368510458,Python,120708
1368510458,Batchfile,1982
1368510458,Linker Script,1491
1362557974,C,7468520
1362557974,C++,2792499
1362557974,Python,455177
1362557974,QML,295006
1362557974,JavaScript,106185
1362557974,Shell,96381
1362557974,Objective-C,83765
1362557974,Objective-C++,78454
1362557974,CMake,39212
1362557974,QMake,36028
1362557974,PowerShell,28745
1362557974,Nix,28290
1362557974,M4,20167
1362557974,NSIS,16145
1362557974,Batchfile,12704
1362557974,CSS,10072
1362557974,HTML,7123
1362557974,Perl,4356
1362557974,HLSL,3375
1362557974,Metal,2119
1362557974,Swift,1746
1362557974,GLSL,1488
1362557974,Makefile,1346
1362557974,Lua,933
1397328056,TypeScript,87486
1397328056,Dockerfile,1127
1397328056,JavaScript,439
1397328056,HCL,345
1397328056,Makefile,251
1407531822,HTML,562321
1407531822,Python,158856
1407531822,Typst,3349
1376074591,Rust,5849116
1376074591,JavaScript,180686
1376074591,Kotlin,118585
1376074591,Python,40393
1376074591,HTML,36970
1376074591,Makefile,21347
1376074591,Shell,15598
1376074591,Lua,2447
1379499146,C++,2303335
1379499146,Python,127694
1379499146,PowerShell,106780
1379499146,CMake,32833
1379499146,C,16510
1379499146,Shell,793
1379499146,Batchfile,487
1373818340,Java,527923
1373818340,PowerShell,142162
1373818340,Vue,132606
1373818340,JavaScript,96505
1373818340,HTML,55983
1373818340,Python,30981
1373818340,Batchfile,1899
1373818340,Dockerfile,1020
1373818340,CSS,847
1373818340,Shell,587
1400284027,Python,301801
1400284027,JavaScript,287721
1400284027,HTML,4744
1400284027,Dockerfile,1726
1385750356,TypeScript,12874
1374269393,Go,588530
1374269393,HTML,159708
1374269393,JavaScript,17097
1374269393,Python,2296
1374269393,Shell,995
1363788649,Python,29364
1400563899,C#,1481801
1400563899,PowerShell,23610
1400563899,Shell,3833
1400563899,Batchfile,371
1378204486,C,3299833
1378204486,Python,70646
1378204486,PowerShell,23368
1378204486,Assembly,15018
1378204486,Shell,14569
1378204486,CMake,10479
1378204486,Linker Script,3871
1378204486,Batchfile,205
1385852876,Go,523035
1385852876,Python,24467
1385852876,Makefile,333
1376213977,JavaScript,1555126
1376213977,CSS,798192
1376213977,Python,4690
1376213977,Shell,1554
1376213977,HTML,673
1399796212,Python,179972
